game_id,player,position,champion,k,d,a,doubles,triples,quadras,pentas,total_gold,minion_kills
1070340,Evi,Top,Gnar,0,4,4,0,0,0,0,8407,180
1070340,Steal,Jungle,Ekko,1,4,5,0,0,0,0,7463,35
1070340,Ceros,Middle,Nocturne,1,5,6,0,0,0,0,8484,186
1070340,Yutapon,ADC,Lucian,3,4,1,1,0,0,0,10624,219
1070340,Gaeng,Support,Thresh,2,5,2,0,0,0,0,6249,12
1070340,Vizicsacsi,Top,Kennen,1,1,12,0,0,0,0,9759,182
1070340,Xerxe,Jungle,Hecarim,7,1,6,1,0,0,0,11329,18
1070340,Humanoid,Middle,Ryze,3,2,10,0,0,0,0,11948,222
1070340,Kobbe,ADC,Xayah,11,0,5,3,0,0,0,15278,253
1070340,Norskeren,Support,Rakan,0,3,18,0,0,0,0,8356,13
1070330,Huni,Top,Akali,3,5,4,0,0,0,0,14601,300
1070330,Lira,Jungle,Ekko,1,5,6,0,0,0,0,11647,66
1070330,Damonte,Middle,Renekton,1,3,1,0,0,0,0,11724,266
1070330,Cody Sun,ADC,Xayah,3,1,2,1,0,0,0,16706,375
1070330,Vulcan,Support,Rakan,0,2,4,0,0,0,0,7222,15
1070330,BOSS,Top,Neeko,2,2,11,0,0,0,0,14409,232
1070330,AHaHaCiK,Jungle,Rek'Sai,3,2,4,0,0,0,0,13158,39
1070330,Nomanz,Middle,Tristana,5,1,6,1,0,0,0,17005,313
1070330,Innaxe,ADC,Heimerdinger,5,0,4,1,0,0,0,14706,249
1070330,Edward,Support,Morgana,1,3,9,0,0,0,0,9347,20
1070349,Fudge,Top,Gangplank,1,2,14,0,0,0,0,15220,300
1070349,Babip,Jungle,Skarner,0,1,16,0,0,0,0,10902,26
1070349,Triple,Middle,Syndra,10,3,4,1,1,0,0,16284,273
1070349,k1ng,ADC,Tristana,7,2,5,3,0,0,0,17144,315
1070349,Destiny,Support,Nautilus,0,0,12,0,0,0,0,9519,76
1070349,BOSS,Top,Renekton,3,3,2,1,0,0,0,13258,268
1070349,AHaHaCiK,Jungle,Ekko,2,6,2,0,0,0,0,10218,33
1070349,Nomanz,Middle,Corki,2,3,1,0,0,0,0,14504,319
1070349,Innaxe,ADC,Kai'Sa,1,2,4,0,0,0,0,14552,303
1070349,Edward,Support,Alistar,0,4,3,0,0,0,0,7794,61
1070359,Evi,Top,Kayle,2,3,2,0,0,0,0,15408,305
1070359,Steal,Jungle,Ekko,1,5,6,0,0,0,0,11025,44
1070359,Ceros,Middle,Karma,3,2,6,0,0,0,0,12387,247
1070359,Yutapon,ADC,Xayah,5,3,2,1,0,0,0,15914,331
1070359,Gaeng,Support,Rakan,1,3,8,0,0,0,0,9726,19
1070359,Buggax,Top,Gnar,0,2,6,0,0,0,0,14372,289
1070359,Oddie,Jungle,Gragas,3,2,7,0,0,0,0,12901,46
1070359,Seiya,Middle,Ryze,5,3,5,1,0,0,0,17869,344
1070359,Warangelus,ADC,Ezreal,8,2,6,1,0,0,0,19833,379
1070359,Slow,Support,Leona,0,3,10,0,0,0,0,10002,93
1070365,Fudge,Top,Karma,1,3,1,0,0,0,0,12180,261
1070365,Babip,Jungle,Nocturne,0,4,0,0,0,0,0,9881,29
1070365,Triple,Middle,Azir,1,1,0,0,0,0,0,14468,354
1070365,k1ng,ADC,Kai'Sa,0,1,0,0,0,0,0,15436,379
1070365,Destiny,Support,Nautilus,0,1,1,0,0,0,0,8050,64
1070365,Huni,Top,Tristana,3,1,2,1,0,0,0,17976,324
1070365,Lira,Jungle,Elise,5,0,1,0,0,0,0,13370,32
1070365,Damonte,Middle,Orianna,1,1,7,0,0,0,0,14957,311
1070365,Cody Sun,ADC,Sivir,1,0,4,0,0,0,0,15645,320
1070365,Vulcan,Support,Rakan,0,0,8,0,0,0,0,10028,11
1070378,Vizicsacsi,Top,Gnar,3,1,5,0,0,0,0,12799,245
1070378,Xerxe,Jungle,Jarvan IV,2,1,8,0,0,0,0,9444,15
1070378,Humanoid,Middle,LeBlanc,3,1,3,0,0,0,0,11880,241
1070378,Kobbe,ADC,Xayah,4,2,3,1,0,0,0,14087,278
1070378,Norskeren,Support,Rakan,1,0,9,0,0,0,0,8693,15
1070378,Buggax,Top,Gangplank,1,3,1,0,0,0,0,11276,234
1070378,Oddie,Jungle,Lee Sin,1,3,3,0,0,0,0,8106,20
1070378,Seiya,Middle,Lissandra,0,1,3,0,0,0,0,8095,186
1070378,Warangelus,ADC,Kai'Sa,2,2,1,0,0,0,0,11226,250
1070378,Slow,Support,Nautilus,1,4,2,0,0,0,0,6654,53
1070393,Armut,Top,Renekton,2,4,3,0,0,0,0,11232,216
1070393,Closer,Jungle,Qiyana,5,4,5,1,0,0,0,11009,38
1070393,Cyeol,Middle,Sylas,1,4,3,0,0,0,0,10759,242
1070393,Pilot,ADC,Xayah,4,2,5,0,0,0,0,15105,312
1070393,Tolerant,Support,Rakan,0,3,8,0,0,0,0,8011,24
1070393,Nuguri,Top,Vladimir,4,0,6,0,0,0,0,17152,320
1070393,Canyon,Jungle,Lee Sin,3,2,9,0,0,0,0,11844,30
1070393,ShowMaker,Middle,LeBlanc,5,2,6,0,0,0,0,15224,269
1070393,Nuclear,ADC,Kai'Sa,5,4,4,1,1,0,0,14996,265
1070393,BeryL,Support,Leona,0,4,12,0,0,0,0,9375,80
1070420,Rockky,Top,Renekton,0,1,0,0,0,0,0,11427,269
1070420,Lloyd,Jungle,Rek'Sai,0,2,3,0,0,0,0,9700,16
1070420,G4,Middle,Syndra,0,2,2,0,0,0,0,11657,272
1070420,DeuL,ADC,Tristana,2,1,0,0,0,0,0,15191,343
1070420,PoP,Support,Thresh,1,1,2,0,0,0,0,8157,20
1070420,3z,Top,Quinn,1,1,2,0,0,0,0,14633,316
1070420,Crash,Jungle,Lee Sin,1,1,4,0,0,0,0,9964,25
1070420,M1ssion,Middle,Corki,4,1,2,1,0,0,0,14709,291
1070420,MnM,ADC,Xayah,1,1,3,0,0,0,0,14578,339
1070420,Kaiwing,Support,Rakan,0,1,6,0,0,0,0,8376,14
1070445,ShowMaker,Top,Renekton,5,1,5,0,0,0,0,14374,248
1070445,Canyon,Jungle,Taliyah,6,1,10,1,0,0,0,12613,26
1070445,Nuguri,Middle,Ryze,3,4,8,0,0,0,0,12929,254
1070445,Nuclear,ADC,Kai'Sa,8,0,4,2,0,0,0,14716,285
1070445,BeryL,Support,Pyke,0,5,7,0,0,0,0,9201,53
1070445,Robo,Top,Aatrox,1,5,7,0,0,0,0,10001,210
1070445,Shrimp,Jungle,Rek'Sai,6,6,1,1,0,0,0,10856,30
1070445,Goku,Middle,Neeko,2,4,6,0,0,0,0,9825,225
1070445,brTT,ADC,Caitlyn,1,4,4,0,0,0,0,11172,275
1070445,Luci,Support,Thresh,1,3,5,0,0,0,0,6383,11
1070457,Rockky,Top,Camille,6,2,7,0,0,0,0,18445,349
1070457,Lloyd,Jungle,Taliyah,3,4,5,0,0,0,0,13865,47
1070457,G4,Middle,Pantheon,5,7,10,1,0,0,0,14508,245
1070457,DeuL,ADC,Kai'Sa,6,3,6,1,1,0,0,18585,368
1070457,PoP,Support,Nautilus,1,3,11,0,0,0,0,10447,89
1070457,Hani,Top,Gangplank,2,4,6,0,0,0,0,16280,288
1070457,DNK,Jungle,Lee Sin,4,5,11,0,0,0,0,13525,44
1070457,Artifact,Middle,Akali,6,3,6,1,0,0,0,16269,337
1070457,Celebrity,ADC,Syndra,6,5,3,1,1,0,0,17697,294
1070457,Venus,Support,Thresh,1,4,13,0,0,0,0,10060,31
1070463,Cyeol,Top,Azir,1,2,0,0,0,0,0,8367,207
1070463,Closer,Jungle,Karthus,1,3,0,0,0,0,0,7523,24
1070463,Armut,Middle,Renekton,0,3,1,0,0,0,0,7536,169
1070463,Pilot,ADC,Kai'Sa,1,2,1,0,0,0,0,8487,199
1070463,Tolerant,Support,Nautilus,0,4,1,0,0,0,0,5233,39
1070463,Robo,Top,Neeko,0,1,6,0,0,0,0,8120,158
1070463,Shrimp,Jungle,Lee Sin,7,0,6,2,1,0,0,11300,23
1070463,Goku,Middle,Zoe,3,0,6,0,0,0,0,10273,203
1070463,brTT,ADC,Draven,3,1,7,1,0,0,0,12175,218
1070463,Luci,Support,Thresh,1,1,10,0,0,0,0,6962,11
1070475,3z,Top,Mordekaiser,4,3,1,1,0,0,0,12463,236
1070475,Crash,Jungle,Elise,2,4,4,0,0,0,0,9503,20
1070475,M1ssion,Middle,Qiyana,1,6,3,0,0,0,0,9167,182
1070475,Unified,ADC,Sivir,1,4,4,0,0,0,0,11945,281
1070475,Kaiwing,Support,Pyke,1,3,2,0,0,0,0,6901,55
1070475,Hani,Top,Gangplank,2,0,10,0,0,0,0,12821,234
1070475,DNK,Jungle,Gragas,2,3,5,0,0,0,0,9345,36
1070475,Artifact,Middle,Tristana,11,3,1,1,0,0,0,15457,228
1070475,Celebrity,ADC,Syndra,5,0,6,0,0,0,0,12417,215
1070475,Venus,Support,Leona,0,3,10,0,0,0,0,7376,53
1070531,Vizicsacsi,Top,Kennen,2,4,3,0,0,0,0,11727,260
1070531,Xerxe,Jungle,Hecarim,4,3,3,0,0,0,0,11376,25
1070531,Humanoid,Middle,LeBlanc,0,4,5,0,0,0,0,10481,245
1070531,Kobbe,ADC,Kai'Sa,2,2,4,0,0,0,0,13847,304
1070531,Norskeren,Support,Nautilus,0,5,4,0,0,0,0,6974,62
1070531,Evi,Top,Gnar,4,1,8,0,0,0,0,14003,247
1070531,Steal,Jungle,Nocturne,4,3,10,1,0,0,0,11940,43
1070531,Ceros,Middle,Galio,4,2,5,1,0,0,0,12370,236
1070531,Yutapon,ADC,Ashe,3,2,13,0,0,0,0,14551,273
1070531,Gaeng,Support,Thresh,3,0,14,0,0,0,0,10089,14
1070547,BOSS,Top,Renekton,3,2,0,0,0,0,0,15349,286
1070547,AHaHaCiK,Jungle,Rek'Sai,1,2,3,0,0,0,0,12265,29
1070547,Nomanz,Middle,LeBlanc,3,3,2,0,0,0,0,15140,316
1070547,Innaxe,ADC,Syndra,3,3,3,0,0,0,0,15595,338
1070547,Edward,Support,Leona,0,6,6,0,0,0,0,9442,74
1070547,Fudge,Top,Kennen,4,5,3,1,0,0,0,13515,231
1070547,Babip,Jungle,Jarvan IV,2,3,12,0,0,0,0,12664,29
1070547,Triple,Middle,Orianna,1,0,14,0,0,0,0,15595,319
1070547,k1ng,ADC,Xayah,9,0,4,2,2,0,0,21612,422
1070547,Destiny,Support,Rakan,0,2,14,0,0,0,0,10792,24
1070555,Buggax,Top,Gangplank,4,4,10,1,0,0,0,25121,373
1070555,Oddie,Jungle,Gragas,5,3,10,0,0,0,0,19400,46
1070555,Seiya,Middle,Syndra,4,2,5,0,0,0,0,22332,410
1070555,Warangelus,ADC,Xayah,7,3,9,1,0,0,0,31115,553
1070555,Slow,Support,Nautilus,1,4,12,0,0,0,0,14719,98
1070555,Evi,Top,Gnar,3,8,9,0,0,0,0,20645,333
1070555,Steal,Jungle,Skarner,1,6,9,0,0,0,0,16202,50
1070555,Ceros,Middle,Ziggs,5,1,4,0,0,0,0,24247,489
1070555,Yutapon,ADC,Ezreal,7,1,5,1,0,0,0,28555,463
1070555,Gaeng,Support,Rakan,0,5,13,0,0,0,0,14398,22
1070569,Huni,Top,Ryze,3,1,8,0,0,0,0,11941,210
1070569,Lira,Jungle,Rek'Sai,3,1,5,0,0,0,0,9313,23
1070569,Damonte,Middle,Lissandra,2,1,6,0,0,0,0,11584,254
1070569,Cody Sun,ADC,Kai'Sa,5,0,7,1,1,0,0,10857,219
1070569,Vulcan,Support,Rakan,0,2,9,0,0,0,0,5815,5
1070569,Fudge,Top,Gangplank,0,3,2,0,0,0,0,8091,182
1070569,Babip,Jungle,Jarvan IV,0,3,4,0,0,0,0,6524,12
1070569,Triple,Middle,LeBlanc,1,3,3,0,0,0,0,8158,203
1070569,k1ng,ADC,Xayah,2,2,1,0,0,0,0,9683,235
1070569,Destiny,Support,Alistar,1,2,2,0,0,0,0,5026,32
1070580,Buggax,Top,Quinn,9,6,2,1,0,0,0,16257,256
1070580,Oddie,Jungle,Jarvan IV,2,5,7,0,0,0,0,11284,51
1070580,Seiya,Middle,LeBlanc,2,2,3,0,0,0,0,13330,252
1070580,Warangelus,ADC,Lucian,3,4,2,0,0,0,0,18190,390
1070580,Slow,Support,Braum,1,3,3,0,0,0,0,9766,84
1070580,Vizicsacsi,Top,Gangplank,5,7,5,0,0,0,0,17526,302
1070580,Xerxe,Jungle,Gragas,3,2,9,0,0,0,0,11247,15
1070580,Humanoid,Middle,Corki,4,2,3,0,0,0,0,19709,336
1070580,Kobbe,ADC,Jhin,8,2,4,0,0,0,0,18786,319
1070580,Norskeren,Support,Thresh,0,4,9,0,0,0,0,9353,22
1070599,Fudge,Top,Camille,1,1,0,0,0,0,0,8390,196
1070599,Babip,Jungle,Sejuani,0,3,1,0,0,0,0,8018,14
1070599,Triple,Middle,Syndra,0,5,1,0,0,0,0,8902,198
1070599,k1ng,ADC,Lucian,0,3,0,0,0,0,0,11292,289
1070599,Destiny,Support,Nautilus,0,3,0,0,0,0,0,5554,48
1070599,BOSS,Top,Renekton,3,1,6,1,0,0,0,11477,237
1070599,AHaHaCiK,Jungle,Nocturne,3,0,9,0,0,0,0,10236,21
1070599,Nomanz,Middle,Vladimir,3,0,4,0,0,0,0,11954,260
1070599,Innaxe,ADC,Kai'Sa,5,1,6,0,0,0,0,11413,198
1070599,Edward,Support,Thresh,1,0,9,0,0,0,0,7548,7
1070624,Huni,Top,Irelia,8,3,5,1,1,0,0,14824,255
1070624,Lira,Jungle,Elise,5,2,11,0,0,0,0,11631,21
1070624,Damonte,Middle,Syndra,6,3,5,2,0,0,0,13597,253
1070624,Cody Sun,ADC,Ashe,8,1,10,1,0,0,0,15500,257
1070624,Vulcan,Support,Thresh,0,2,22,0,0,0,0,8852,16
1070624,BOSS,Top,Mordekaiser,2,6,1,0,0,0,0,9713,196
1070624,AHaHaCiK,Jungle,Vi,0,7,4,0,0,0,0,7753,19
1070624,Nomanz,Middle,Vladimir,7,1,3,1,1,0,0,16132,292
1070624,Innaxe,ADC,Kai'Sa,1,5,5,0,0,0,0,11271,236
1070624,Edward,Support,Nautilus,1,8,7,0,0,0,0,7283,60
1070668,Nuguri,Top,Vladimir,4,1,3,0,0,0,0,14097,237
1070668,Canyon,Jungle,Rek'Sai,1,1,7,0,0,0,0,10147,28
1070668,ShowMaker,Middle,Akali,4,1,6,1,0,0,0,12239,229
1070668,Nuclear,ADC,Kai'Sa,5,1,9,1,0,0,0,15515,267
1070668,BeryL,Support,Nautilus,1,4,9,0,0,0,0,8749,68
1070668,Armut,Top,Kled,1,0,2,0,0,0,0,10056,243
1070668,Closer,Jungle,Lee Sin,2,3,5,1,0,0,0,9128,34
1070668,Cyeol,Middle,Galio,0,5,4,0,0,0,0,9299,209
1070668,Pilot,ADC,Xayah,3,3,4,0,0,0,0,12002,232
1070668,Tolerant,Support,Rakan,2,4,6,0,0,0,0,8011,27
1060543,3z,Top,Gnar,2,2,7,0,0,0,0,14931,290
1060543,Crash,Jungle,Lee Sin,5,3,6,1,0,0,0,13423,44
1060543,M1ssion,Middle,Syndra,3,3,3,0,0,0,0,15706,309
1060543,Unified,ADC,Ezreal,3,2,5,0,0,0,0,17653,379
1060543,Kaiwing,Support,Rakan,0,0,11,0,0,0,0,10009,29
1060543,Rockky,Top,Akali,3,3,2,0,0,0,0,14823,301
1060543,Lloyd,Jungle,Jarvan IV,1,2,6,0,0,0,0,10770,32
1060543,G4,Middle,Galio,2,2,4,0,0,0,0,12541,261
1060543,DeuL,ADC,Xayah,3,3,4,0,0,0,0,17842,409
1060543,PoP,Support,Nautilus,1,3,7,0,0,0,0,8647,69
1060559,Robo,Top,Irelia,1,3,4,0,0,0,0,10693,230
1060559,Shrimp,Jungle,Rek'Sai,3,3,3,0,0,0,0,9253,33
1060559,Goku,Middle,Neeko,0,3,0,0,0,0,0,9045,209
1060559,brTT,ADC,Kai'Sa,2,2,2,0,0,0,0,10626,236
1060559,Luci,Support,Pyke,0,6,5,0,0,0,0,5772,17
1060559,Nuguri,Top,Ryze,3,2,6,0,0,0,0,12569,254
1060559,Canyon,Jungle,Lee Sin,4,1,9,0,0,0,0,9875,15
1060559,ShowMaker,Middle,LeBlanc,6,0,5,1,0,0,0,12373,226
1060559,Nuclear,ADC,Xayah,2,3,9,0,0,0,0,13614,270
1060559,BeryL,Support,Yuumi,2,1,14,1,0,0,0,9184,19
1060585,Hani,Top,Kled,2,2,8,0,0,0,0,11313,208
1060585,DNK,Jungle,Elise,6,1,5,0,0,0,0,12193,31
1060585,Artifact,Middle,Akali,3,2,6,0,0,0,0,14781,283
1060585,Celebrity,ADC,Lucian,5,2,7,1,1,0,0,15626,298
1060585,Venus,Support,Thresh,1,2,9,0,0,0,0,9266,18
1060585,Rockky,Top,Camille,2,3,4,0,0,0,0,15230,299
1060585,Lloyd,Jungle,Xin Zhao,3,3,2,0,0,0,0,11376,22
1060585,G4,Middle,LeBlanc,2,4,3,0,0,0,0,10654,224
1060585,DeuL,ADC,Xayah,2,4,4,0,0,0,0,12710,268
1060585,PoP,Support,Rakan,0,3,6,0,0,0,0,8071,20
1060612,Robo,Top,Camille,1,5,6,0,0,0,0,14513,326
1060612,Shrimp,Jungle,Rek'Sai,6,2,2,0,0,0,0,14653,68
1060612,Goku,Middle,Syndra,2,2,4,0,0,0,0,15285,333
1060612,brTT,ADC,Sivir,2,3,5,0,0,0,0,17356,395
1060612,Luci,Support,Thresh,1,6,6,0,0,0,0,8234,13
1060612,Armut,Top,Fiora,4,3,4,0,0,0,0,20586,364
1060612,Closer,Jungle,Lee Sin,2,2,11,0,0,0,0,12937,39
1060612,Cyeol,Middle,LeBlanc,6,4,5,1,0,0,0,16475,284
1060612,Pilot,ADC,Ezreal,5,1,7,1,0,0,0,19041,370
1060612,Tolerant,Support,Blitzcrank,1,2,7,0,0,0,0,10467,18
1060652,Hani,Top,Camille,0,2,1,0,0,0,0,9746,238
1060652,DNK,Jungle,Elise,0,4,1,0,0,0,0,7959,12
1060652,Artifact,Middle,Akali,1,1,1,0,0,0,0,11919,298
1060652,Celebrity,ADC,Caitlyn,1,3,0,0,0,0,0,12681,296
1060652,Venus,Support,Lux,0,3,1,0,0,0,0,6206,15
1060652,3z,Top,Gangplank,1,1,6,0,0,0,0,14218,279
1060652,Crash,Jungle,Lee Sin,4,1,4,0,0,0,0,11703,17
1060652,M1ssion,Middle,Lissandra,3,0,3,0,0,0,0,12790,265
1060652,Unified,ADC,Xayah,4,0,6,0,0,0,0,14800,296
1060652,Kaiwing,Support,Rakan,1,0,9,0,0,0,0,9252,5
1060665,Armut,Top,Gangplank,5,4,5,0,0,0,0,12191,217
1060665,Closer,Jungle,Lee Sin,3,0,7,0,0,0,0,10516,33
1060665,Cyeol,Middle,Twisted Fate,1,1,8,0,0,0,0,10712,184
1060665,Pilot,ADC,Xayah,6,0,4,0,0,0,0,13415,258
1060665,Tolerant,Support,Rakan,0,0,10,0,0,0,0,7474,14
1060665,Robo,Top,Camille,2,4,2,0,0,0,0,8831,173
1060665,Shrimp,Jungle,Nocturne,3,1,2,0,0,0,0,9239,46
1060665,Goku,Middle,LeBlanc,0,3,0,0,0,0,0,8358,193
1060665,brTT,ADC,Ashe,0,1,0,0,0,0,0,8879,221
1060665,Luci,Support,Thresh,0,6,0,0,0,0,0,5198,10
1070918,Nuguri,Top,Renekton,1,2,0,0,0,0,0,9787,195
1070918,Canyon,Jungle,Taliyah,2,0,7,0,0,0,0,9470,19
1070918,ShowMaker,Middle,Qiyana,2,0,3,0,0,0,0,10297,208
1070918,Nuclear,ADC,Kai'Sa,5,0,4,1,0,0,0,13051,245
1070918,BeryL,Support,Alistar,1,1,7,0,0,0,0,6829,45
1070918,Hani,Top,Pyke,1,2,1,0,0,0,0,8325,185
1070918,DNK,Jungle,Gragas,1,2,1,0,0,0,0,7468,14
1070918,Artifact,Middle,Twisted Fate,0,3,1,0,0,0,0,9811,219
1070918,Celebrity,ADC,Lucian,0,3,1,0,0,0,0,8766,206
1070918,Venus,Support,Thresh,1,1,1,0,0,0,0,5408,14
1070910,Hani,Top,Ornn,1,4,11,0,0,0,0,12653,189
1070910,DNK,Jungle,Gragas,1,6,10,0,0,0,0,12229,36
1070910,Artifact,Middle,Twisted Fate,2,5,6,0,0,0,0,16842,260
1070910,Celebrity,ADC,Tristana,10,3,6,2,2,0,0,21840,287
1070910,Venus,Support,Shen,2,7,10,0,0,0,0,12061,85
1070910,Nuguri,Top,Vladimir,8,4,9,2,1,0,0,19221,262
1070910,Canyon,Jungle,Qiyana,4,4,10,0,0,0,0,13622,51
1070910,ShowMaker,Middle,Akali,7,3,10,1,0,0,0,17091,302
1070910,Nuclear,ADC,Garen,3,3,8,0,0,0,0,14395,257
1070910,BeryL,Support,Yuumi,3,2,21,0,0,0,0,14100,92
1070920,Nuguri,Top,Jayce,2,3,8,0,0,0,0,16875,284
1070920,Canyon,Jungle,Taliyah,2,2,7,0,0,0,0,11808,28
1070920,ShowMaker,Middle,Renekton,4,2,7,2,0,0,0,13874,245
1070920,Nuclear,ADC,Yasuo,5,3,7,0,0,0,0,15537,264
1070920,BeryL,Support,Gragas,1,4,10,0,0,0,0,8836,20
1070920,Hani,Top,Gnar,3,3,4,0,0,0,0,12338,243
1070920,DNK,Jungle,Skarner,0,4,7,0,0,0,0,8023,16
1070920,Artifact,Middle,Akali,5,2,3,0,0,0,0,12850,270
1070920,Celebrity,ADC,Kai'Sa,4,3,5,1,0,0,0,14791,290
1070920,Venus,Support,Leona,2,3,10,0,0,0,0,8632,75
1070922,Hani,Top,Aatrox,0,1,1,0,0,0,0,6862,171
1070922,DNK,Jungle,Nidalee,1,2,1,0,0,0,0,6326,14
1070922,Artifact,Middle,Yasuo,0,2,1,0,0,0,0,7584,194
1070922,Celebrity,ADC,Ezreal,1,4,0,0,0,0,0,7249,162
1070922,Venus,Support,Gragas,0,4,1,0,0,0,0,4219,18
1070922,Nuguri,Top,Kennen,3,1,2,0,0,0,0,12034,205
1070922,Canyon,Jungle,Lee Sin,0,0,5,0,0,0,0,8007,13
1070922,ShowMaker,Middle,Akali,6,0,2,1,1,0,0,10545,208
1070922,Nuclear,ADC,Xayah,4,1,3,0,0,0,0,11984,213
1070922,BeryL,Support,Yuumi,0,0,9,0,0,0,0,7031,8
1060775,Huni,Top,Rumble,3,1,7,0,0,0,0,12309,237
1060775,Lira,Jungle,Elise,3,1,6,1,0,0,0,11302,23
1060775,Damonte,Middle,Lucian,5,2,1,0,0,0,0,13006,253
1060775,Cody Sun,ADC,Kai'Sa,2,0,4,0,0,0,0,13063,291
1060775,Vulcan,Support,Nautilus,0,2,8,0,0,0,0,7539,46
1060775,Armut,Top,Kled,3,2,0,0,0,0,0,11053,225
1060775,Closer,Jungle,Olaf,2,2,2,0,0,0,0,8219,44
1060775,Cyeol,Middle,LeBlanc,0,3,2,0,0,0,0,9238,230
1060775,Pilot,ADC,Jinx,1,2,2,0,0,0,0,11660,264
1060775,Tolerant,Support,Thresh,0,4,3,0,0,0,0,6277,18
1060784,Huni,Top,Rumble,1,4,14,0,0,0,0,10511,197
1060784,Lira,Jungle,Jarvan IV,2,0,16,1,0,0,0,10941,28
1060784,Damonte,Middle,Neeko,6,3,7,0,0,0,0,11382,209
1060784,Cody Sun,ADC,Kai'Sa,10,0,4,1,1,1,0,16352,294
1060784,Vulcan,Support,Pyke,2,2,9,0,0,0,0,8208,44
1060784,Armut,Top,Renekton,2,5,4,0,0,0,0,9498,193
1060784,Closer,Jungle,Elise,4,5,3,0,0,0,0,8735,25
1060784,Cyeol,Middle,Irelia,3,4,2,1,0,0,0,10605,233
1060784,Pilot,ADC,Ezreal,0,2,2,0,0,0,0,9898,245
1060784,Tolerant,Support,Thresh,0,5,1,0,0,0,0,5825,7
1060790,Huni,Top,Ezreal,2,2,9,0,0,0,0,16685,259
1060790,Lira,Jungle,Rek'Sai,2,1,6,0,0,0,0,12692,51
1060790,Damonte,Middle,Syndra,3,1,5,0,0,0,0,15585,324
1060790,Cody Sun,ADC,Lucian,11,0,4,1,1,1,0,19992,306
1060790,Vulcan,Support,Thresh,1,3,12,0,0,0,0,10029,10
1060790,Armut,Top,Jayce,1,3,6,0,0,0,0,15785,347
1060790,Closer,Jungle,Jarvan IV,0,4,7,0,0,0,0,8478,40
1060790,Cyeol,Middle,Orianna,0,3,5,0,0,0,0,11881,299
1060790,Pilot,ADC,Kai'Sa,4,4,1,0,0,0,0,15553,330
1060790,Tolerant,Support,Blitzcrank,2,5,2,0,0,0,0,8308,18
1070971,3z,Top,Gnar,0,2,5,0,0,0,0,10374,197
1070971,Crash,Jungle,Lee Sin,5,1,2,1,0,0,0,11853,21
1070971,M1ssion,Middle,Twisted Fate,0,1,4,0,0,0,0,13571,254
1070971,Unified,ADC,Syndra,3,0,5,0,0,0,0,12873,249
1070971,Kaiwing,Support,Pyke,3,0,7,1,0,0,0,10400,62
1070971,Buggax,Top,Jayce,1,4,1,0,0,0,0,9231,205
1070971,Oddie,Jungle,Skarner,1,3,3,0,0,0,0,8758,18
1070971,Seiya,Middle,Akali,2,0,0,0,0,0,0,9881,245
1070971,Warangelus,ADC,Vladimir,0,1,1,0,0,0,0,9005,219
1070971,Slow,Support,Yuumi,0,3,1,0,0,0,0,5810,13
1070985,Buggax,Top,Kled,3,1,1,1,0,0,0,14864,301
1070985,Oddie,Jungle,Elise,1,2,3,0,0,0,0,11078,29
1070985,Seiya,Middle,Akali,5,0,4,1,1,0,0,14450,262
1070985,Warangelus,ADC,Xayah,5,1,2,1,0,0,0,16513,349
1070985,Slow,Support,Thresh,0,1,7,0,0,0,0,8255,20
1070985,3z,Top,Gangplank,1,3,3,0,0,0,0,13392,284
1070985,Crash,Jungle,Lee Sin,3,3,2,1,0,0,0,9330,26
1070985,M1ssion,Middle,Twisted Fate,1,3,0,0,0,0,0,13414,260
1070985,Unified,ADC,Ezreal,0,2,3,0,0,0,0,12233,307
1070985,Kaiwing,Support,Rakan,0,3,3,0,0,0,0,6502,23
1070986,3z,Top,Gnar,3,1,6,1,0,0,0,15429,261
1070986,Crash,Jungle,Lee Sin,3,3,9,1,0,0,0,14645,32
1070986,M1ssion,Middle,Corki,0,3,10,0,0,0,0,16957,325
1070986,Unified,ADC,Ezreal,7,3,4,1,0,0,0,19412,321
1070986,Kaiwing,Support,Rakan,0,2,13,0,0,0,0,10472,22
1070986,Buggax,Top,Irelia,6,3,5,1,0,0,0,17164,294
1070986,Oddie,Jungle,Nocturne,1,2,9,0,0,0,0,11941,43
1070986,Seiya,Middle,Akali,1,2,6,0,0,0,0,13733,306
1070986,Warangelus,ADC,Xayah,4,2,6,1,0,0,0,18552,388
1070986,Slow,Support,Thresh,0,4,8,0,0,0,0,8348,20
1070996,Buggax,Top,Gangplank,5,2,1,1,0,0,0,16398,283
1070996,Oddie,Jungle,Skarner,0,1,4,0,0,0,0,10054,22
1070996,Seiya,Middle,Corki,1,0,2,0,0,0,0,14036,308
1070996,Warangelus,ADC,Xayah,1,1,3,0,0,0,0,14066,338
1070996,Slow,Support,Rakan,0,2,4,0,0,0,0,8475,16
1070996,3z,Top,Tristana,1,3,1,0,0,0,0,14624,306
1070996,Crash,Jungle,Jarvan IV,2,3,3,0,0,0,0,12564,37
1070996,M1ssion,Middle,Syndra,1,0,2,0,0,0,0,16479,347
1070996,Unified,ADC,Veigar,2,0,3,0,0,0,0,15011,318
1070996,Kaiwing,Support,Nautilus,0,1,3,0,0,0,0,9436,82
1071000,BOSS,Top,Gangplank,4,5,10,0,0,0,0,18222,272
1071000,AHaHaCiK,Jungle,Kha'zix,4,8,9,0,0,0,0,15489,41
1071000,Nomanz,Middle,Kayle,3,2,13,0,0,0,0,21095,386
1071000,Innaxe,ADC,Kai'Sa,10,7,7,1,0,0,0,20977,258
1071000,Edward,Support,Morgana,1,4,15,0,0,0,0,11784,15
1071000,Vizicsacsi,Top,Cho'gath,6,5,7,0,0,0,0,16475,258
1071000,Xerxe,Jungle,Nocturne,4,5,12,0,0,0,0,15696,78
1071000,Humanoid,Middle,Akali,10,8,4,1,0,0,0,20253,346
1071000,Kobbe,ADC,Jhin,5,0,10,0,0,0,0,22053,441
1071000,Norskeren,Support,Thresh,1,4,12,0,0,0,0,11558,23
1071009,Vizicsacsi,Top,Kennen,5,1,10,0,0,0,0,13926,231
1071009,Xerxe,Jungle,Qiyana,5,1,8,0,0,0,0,11426,25
1071009,Humanoid,Middle,Cassiopeia,6,4,10,1,0,0,0,14872,246
1071009,Kobbe,ADC,Kai'Sa,7,1,4,2,1,0,0,15844,285
1071009,Norskeren,Support,Nautilus,2,3,10,0,0,0,0,8572,47
1071009,BOSS,Top,Aatrox,6,4,2,0,0,0,0,13074,215
1071009,AHaHaCiK,Jungle,Skarner,0,5,8,0,0,0,0,8177,15
1071009,Nomanz,Middle,Corki,1,5,5,0,0,0,0,11825,274
1071009,Innaxe,ADC,Ashe,2,4,4,0,0,0,0,10967,258
1071009,Edward,Support,Thresh,1,7,6,0,0,0,0,6839,9
1071014,Vizicsacsi,Top,Gnar,2,4,6,0,0,0,0,11696,197
1071014,Xerxe,Jungle,Olaf,3,1,6,0,0,0,0,9866,31
1071014,Humanoid,Middle,Akali,5,1,0,1,1,0,0,14023,260
1071014,Kobbe,ADC,Xayah,7,1,4,2,0,0,0,16838,299
1071014,Norskeren,Support,Karma,1,4,11,0,0,0,0,9162,19
1071014,BOSS,Top,Camille,4,5,4,0,0,0,0,9351,128
1071014,AHaHaCiK,Jungle,Elise,1,4,3,0,0,0,0,7650,28
1071014,Nomanz,Middle,Ryze,2,2,5,0,0,0,0,12895,302
1071014,Innaxe,ADC,Caitlyn,4,4,1,1,0,0,0,12273,243
1071014,Edward,Support,Morgana,0,3,7,0,0,0,0,6893,18
1071024,BOSS,Top,Renekton,0,1,7,0,0,0,0,15767,295
1071024,AHaHaCiK,Jungle,Karthus,5,4,8,1,0,0,0,18504,81
1071024,Nomanz,Middle,Qiyana,13,5,5,0,0,0,0,19258,271
1071024,Innaxe,ADC,Heimerdinger,4,2,8,0,0,0,0,15356,267
1071024,Edward,Support,Morgana,3,0,10,0,0,0,0,12313,38
1071024,Vizicsacsi,Top,Shen,1,4,5,0,0,0,0,14508,301
1071024,Xerxe,Jungle,Nocturne,3,7,7,0,0,0,0,12101,47
1071024,Humanoid,Middle,Lissandra,1,7,4,0,0,0,0,14350,288
1071024,Kobbe,ADC,Xayah,5,3,1,0,0,0,0,20583,392
1071024,Norskeren,Support,Rakan,2,4,8,0,0,0,0,10874,26
1071025,Vizicsacsi,Top,Cho'gath,2,2,6,0,0,0,0,13964,280
1071025,Xerxe,Jungle,Qiyana,4,1,5,1,0,0,0,13247,31
1071025,Humanoid,Middle,Syndra,9,2,4,0,0,0,0,18454,335
1071025,Kobbe,ADC,Kai'Sa,5,1,6,1,0,0,0,18189,312
1071025,Norskeren,Support,Nautilus,0,3,9,0,0,0,0,8299,45
1071025,BOSS,Top,Renekton,1,2,2,0,0,0,0,12135,225
1071025,AHaHaCiK,Jungle,Karthus,2,2,2,0,0,0,0,12293,77
1071025,Nomanz,Middle,Orianna,2,6,3,0,0,0,0,15941,321
1071025,Innaxe,ADC,Xayah,3,4,3,0,0,0,0,15513,315
1071025,Edward,Support,Morgana,1,6,6,0,0,0,0,8787,22
1061005,Bwipo,Top,Gangplank,2,4,3,0,0,0,0,14467,301
1061005,Broxah,Jungle,Rek'Sai,2,5,5,0,0,0,0,9886,18
1061005,Nemesis,Middle,Ryze,1,3,4,0,0,0,0,13662,301
1061005,Rekkles,ADC,Garen,3,5,5,1,0,0,0,13799,293
1061005,Hylissang,Support,Yuumi,1,4,8,0,0,0,0,11633,95
1061005,Khan,Top,Akali,3,1,8,0,0,0,0,14307,291
1061005,Clid,Jungle,Lee Sin,4,2,13,0,0,0,0,13243,27
1061005,Faker,Middle,Tristana,9,0,8,2,0,0,0,17285,282
1061005,Teddy,ADC,Kayle,5,2,13,2,0,0,0,16797,312
1061005,Effort,Support,Nautilus,0,4,14,0,0,0,0,9919,70
1061019,Langx,Top,Renekton,4,1,5,0,0,0,0,13663,245
1061019,Karsa,Jungle,Lee Sin,2,1,7,0,0,0,0,10812,22
1061019,xiaohu,Middle,Kayle,1,1,7,0,0,0,0,12917,239
1061019,Uzi,ADC,Xayah,3,0,5,0,0,0,0,14737,311
1061019,Ming,Support,Blitzcrank,2,2,7,0,0,0,0,9711,6
1061019,Huni,Top,Gnar,1,3,2,0,0,0,0,10349,237
1061019,Lira,Jungle,Nocturne,1,3,3,0,0,0,0,9903,23
1061019,Damonte,Middle,Syndra,2,2,2,0,0,0,0,10754,233
1061019,Cody Sun,ADC,Lucian,1,3,1,0,0,0,0,10197,249
1061019,Vulcan,Support,Rakan,0,1,2,0,0,0,0,6577,17
1061026,TheShy,Top,Gangplank,2,1,2,0,0,0,0,13242,257
1061026,Leyan,Jungle,Gragas,1,0,6,0,0,0,0,9355,25
1061026,RooKie,Middle,Jayce,4,1,6,0,0,0,0,11288,231
1061026,JackeyLove,ADC,Ezreal,3,2,3,1,1,0,0,12423,276
1061026,Baolan,Support,Alistar,0,0,8,0,0,0,0,6387,50
1061026,Ziv,Top,Gnar,0,2,1,0,0,0,0,9622,215
1061026,Alex,Jungle,Lee Sin,1,2,1,0,0,0,0,9582,14
1061026,Rainbow,Middle,Akali,2,1,0,0,0,0,0,10378,234
1061026,Wako,ADC,Kai'Sa,1,1,2,0,0,0,0,11623,280
1061026,Ysera,Support,Nautilus,0,4,1,0,0,0,0,5864,42
1061031,Nuguri,Top,Vladimir,2,3,3,0,0,0,0,12862,274
1061031,Canyon,Jungle,Gragas,1,2,5,0,0,0,0,9197,27
1061031,ShowMaker,Middle,Yasuo,4,4,3,1,0,0,0,10979,206
1061031,Nuclear,ADC,Veigar,2,2,6,0,0,0,0,11319,247
1061031,BeryL,Support,Alistar,0,4,6,0,0,0,0,6918,64
1061031,Impact,Top,Aatrox,2,2,5,0,0,0,0,11444,219
1061031,Xmithie,Jungle,Jarvan IV,1,2,12,0,0,0,0,10238,44
1061031,Jensen,Middle,LeBlanc,5,2,7,1,0,0,0,13007,232
1061031,Doublelift,ADC,Kai'Sa,7,1,5,2,1,1,0,15288,281
1061031,CoreJJ,Support,Galio,0,2,11,0,0,0,0,7453,57
1061043,Rest,Top,Gnar,5,2,5,0,0,0,0,14488,234
1061043,Hana,Jungle,Jarvan IV,0,4,15,0,0,0,0,12011,37
1061043,FoFo,Middle,Akali,5,1,7,0,0,0,0,15749,317
1061043,Lilv,ADC,Xayah,7,1,7,1,0,0,0,16991,318
1061043,Koala,Support,Nautilus,1,4,10,0,0,0,0,9483,60
1061043,GimGoon,Top,Mordekaiser,3,3,2,0,0,0,0,13171,257
1061043,Tian,Jungle,Elise,2,4,7,0,0,0,0,12097,49
1061043,Doinb,Middle,Sion,1,3,8,0,0,0,0,12059,270
1061043,Lwx,ADC,Kai'Sa,5,4,1,1,0,0,0,16190,356
1061043,Crisp,Support,Galio,0,4,7,0,0,0,0,7735,69
1061051,Zeros,Top,Akali,1,2,0,0,0,0,0,11817,294
1061051,Levi,Jungle,Kha'zix,1,1,2,0,0,0,0,10357,28
1061051,Kiaya,Middle,Tristana,0,3,1,0,0,0,0,10987,265
1061051,Zin,ADC,Syndra,0,2,1,0,0,0,0,10773,274
1061051,Hieu3,Support,Pyke,1,1,0,0,0,0,0,6709,44
1061051,Vizicsacsi,Top,Gangplank,1,0,3,0,0,0,0,14062,284
1061051,Xerxe,Jungle,Gragas,1,0,5,0,0,0,0,9368,25
1061051,Humanoid,Middle,LeBlanc,4,1,0,0,0,0,0,12095,250
1061051,Kobbe,ADC,Ezreal,3,1,0,0,0,0,0,13915,310
1061051,Norskeren,Support,Nautilus,0,1,3,0,0,0,0,7453,64
1071246,Khan,Top,Renekton,4,5,5,0,0,0,0,17110,331
1071246,Clid,Jungle,Gragas,5,5,10,0,0,0,0,14600,57
1071246,Faker,Middle,Twisted Fate,5,5,8,2,0,0,0,21249,337
1071246,Teddy,ADC,Ezreal,3,2,9,0,0,0,0,19751,369
1071246,Effort,Support,Thresh,1,6,13,0,0,0,0,10005,18
1071246,Langx,Top,Mordekaiser,6,4,7,1,0,0,0,18134,320
1071246,Karsa,Jungle,Lee Sin,2,1,11,0,0,0,0,13848,44
1071246,xiaohu,Middle,Zoe,3,2,10,0,0,0,0,15149,268
1071246,Uzi,ADC,Xayah,11,5,8,2,1,0,0,23770,407
1071246,Ming,Support,Blitzcrank,1,6,12,0,0,0,0,11758,22
1071259,Bwipo,Top,Shen,7,6,11,1,0,0,0,15476,261
1071259,Broxah,Jungle,Lee Sin,6,1,7,1,0,0,0,13790,48
1071259,Nemesis,Middle,Akali,4,0,10,0,0,0,0,16519,290
1071259,Rekkles,ADC,Garen,3,3,8,1,0,0,0,15183,309
1071259,Hylissang,Support,Yuumi,3,2,17,0,0,0,0,14005,94
1071259,Huni,Top,Tristana,2,6,7,0,0,0,0,15870,316
1071259,Lira,Jungle,Elise,4,2,5,1,0,0,0,11722,40
1071259,Damonte,Middle,Orianna,3,3,5,0,0,0,0,14642,263
1071259,Cody Sun,ADC,Lucian,3,5,3,0,0,0,0,14429,278
1071259,Vulcan,Support,Bard,0,7,10,0,0,0,0,9088,27
1071266,Impact,Top,Gangplank,0,4,5,0,0,0,0,11889,236
1071266,Xmithie,Jungle,Gragas,4,4,3,0,0,0,0,10235,22
1071266,Jensen,Middle,Akali,1,1,3,0,0,0,0,12228,247
1071266,Doublelift,ADC,Xayah,4,4,3,0,0,0,0,15559,312
1071266,CoreJJ,Support,Rakan,2,4,5,0,0,0,0,8861,21
1071266,TheShy,Top,Vladimir,4,2,7,0,0,0,0,15007,268
1071266,Leyan,Jungle,Olaf,2,3,3,0,0,0,0,11297,35
1071266,RooKie,Middle,Orianna,6,1,7,0,0,0,0,15151,274
1071266,JackeyLove,ADC,Kai'Sa,3,2,5,0,0,0,0,15141,295
1071266,Baolan,Support,Fiddlesticks,2,3,8,1,0,0,0,8633,18
1071272,Ziv,Top,Rumble,3,1,3,0,0,0,0,9944,202
1071272,Alex,Jungle,Jarvan IV,0,3,4,0,0,0,0,8017,27
1071272,Rainbow,Middle,Qiyana,2,1,1,0,0,0,0,8212,169
1071272,Wako,ADC,Xayah,1,2,0,0,0,0,0,9972,241
1071272,Ysera,Support,Rakan,0,2,4,0,0,0,0,5957,9
1071272,Nuguri,Top,Camille,2,1,6,0,0,0,0,11671,220
1071272,Canyon,Jungle,Lee Sin,2,2,3,0,0,0,0,9501,13
1071272,ShowMaker,Middle,Akali,3,1,5,1,0,0,0,12412,233
1071272,Nuclear,ADC,Kai'Sa,1,1,4,0,0,0,0,10833,241
1071272,BeryL,Support,Leona,1,1,6,0,0,0,0,7329,56
1071286,Sword,Top,Renekton,3,5,1,1,0,0,0,10912,235
1071286,Tarzan,Jungle,Taliyah,3,2,1,0,0,0,0,8499,20
1071286,Chovy,Middle,Irelia,1,3,2,0,0,0,0,11411,269
1071286,Viper,ADC,Lucian,0,2,4,0,0,0,0,11510,293
1071286,Lehends,Support,Nautilus,0,4,2,0,0,0,0,6516,63
1071286,Wunder,Top,Ornn,3,3,3,0,0,0,0,10544,185
1071286,Jankos,Jungle,Elise,2,1,7,0,0,0,0,10769,51
1071286,Caps,Middle,Orianna,3,1,9,1,0,0,0,13329,242
1071286,Perkz,ADC,Kai'Sa,8,1,2,2,0,0,0,17115,293
1071286,Mikyx,Support,Leona,0,1,7,0,0,0,0,7934,55
1071297,Licorice,Top,Renekton,6,1,3,2,1,0,0,22544,381
1071297,Svenskeren,Jungle,Elise,4,5,9,0,0,0,0,16131,73
1071297,Nisqy,Middle,Irelia,3,6,7,0,0,0,0,17983,314
1071297,Sneaky,ADC,Heimerdinger,3,3,12,0,0,0,0,19115,333
1071297,Zeyzal,Support,Nautilus,2,4,10,0,0,0,0,13323,109
1071297,3z,Top,Akali,5,4,4,1,0,0,0,16706,348
1071297,Crash,Jungle,Gragas,1,6,12,0,0,0,0,13449,65
1071297,M1ssion,Middle,Tristana,5,2,2,0,0,0,0,19696,403
1071297,Unified,ADC,Garen,5,4,8,1,0,0,0,16418,330
1071297,Kaiwing,Support,Yuumi,3,2,11,0,0,0,0,14133,77
1061143,TheShy,Top,Akali,4,3,4,0,0,0,0,14961,283
1061143,Leyan,Jungle,Gragas,3,4,5,0,0,0,0,12848,53
1061143,RooKie,Middle,Lucian,3,2,6,0,0,0,0,14668,293
1061143,JackeyLove,ADC,Ezreal,1,6,6,0,0,0,0,15820,316
1061143,Baolan,Support,Nautilus,2,7,4,0,0,0,0,8642,71
1061143,Nuguri,Top,Jayce,5,3,7,1,0,0,0,16916,281
1061143,Canyon,Jungle,Taliyah,3,3,10,0,0,0,0,13176,54
1061143,ShowMaker,Middle,Kayle,4,1,9,0,0,0,0,13928,239
1061143,Nuclear,ADC,Kai'Sa,7,2,10,0,0,0,0,19523,324
1061143,BeryL,Support,Poppy,3,4,15,0,0,0,0,11714,83
1061147,Ziv,Top,Rumble,6,3,9,0,0,0,0,14563,233
1061147,Alex,Jungle,Sylas,4,4,11,1,0,0,0,14796,58
1061147,Rainbow,Middle,Qiyana,7,4,8,1,0,0,0,16722,252
1061147,Wako,ADC,Kai'Sa,4,3,12,0,0,0,0,18359,342
1061147,Ysera,Support,Nautilus,1,5,15,0,0,0,0,10294,73
1061147,Impact,Top,Renekton,7,2,2,1,0,0,0,18667,294
1061147,Xmithie,Jungle,Gragas,4,6,11,0,0,0,0,12684,41
1061147,Jensen,Middle,Orianna,1,6,10,0,0,0,0,15446,285
1061147,Doublelift,ADC,Xayah,6,4,7,0,0,0,0,20146,366
1061147,CoreJJ,Support,Rakan,1,4,14,0,0,0,0,10228,30
1061156,GimGoon,Top,Renekton,3,3,6,0,0,0,0,13485,224
1061156,Tian,Jungle,Lee Sin,4,3,6,0,0,0,0,12751,34
1061156,Doinb,Middle,Ryze,5,0,9,1,0,0,0,18534,302
1061156,Lwx,ADC,Kai'Sa,6,1,5,2,1,0,0,16158,298
1061156,Crisp,Support,Leona,0,4,6,0,0,0,0,7986,55
1061156,Vizicsacsi,Top,Gangplank,1,4,5,0,0,0,0,13739,277
1061156,Xerxe,Jungle,Gragas,3,3,8,0,0,0,0,9729,28
1061156,Humanoid,Middle,Tristana,2,6,7,0,0,0,0,13242,267
1061156,Kobbe,ADC,Veigar,3,3,5,0,0,0,0,14444,270
1061156,Norskeren,Support,Thresh,2,2,6,0,0,0,0,8380,21
1061161,Rest,Top,Gangplank,4,5,6,0,0,0,0,16785,311
1061161,Hana,Jungle,Elise,2,4,7,0,0,0,0,10669,33
1061161,FoFo,Middle,Lucian,3,5,4,0,0,0,0,15155,290
1061161,Lilv,ADC,Syndra,3,3,5,0,0,0,0,15152,335
1061161,Koala,Support,Thresh,0,5,6,0,0,0,0,8370,24
1061161,Zeros,Top,Akali,6,2,6,1,1,0,0,18879,381
1061161,Levi,Jungle,Nocturne,2,2,9,0,0,0,0,13109,38
1061161,Kiaya,Middle,Kled,5,1,10,1,0,0,0,14977,292
1061161,Zin,ADC,Kai'Sa,7,2,8,0,0,0,0,16913,327
1061161,Slay,Support,Nautilus,2,5,10,0,0,0,0,9927,81
1061175,Sword,Top,Jayce,7,2,4,0,0,0,0,17714,327
1061175,Tarzan,Jungle,Lee Sin,1,3,12,0,0,0,0,12382,32
1061175,Chovy,Middle,Ezreal,3,0,8,0,0,0,0,18116,393
1061175,Viper,ADC,Irelia,5,2,5,1,0,0,0,16161,338
1061175,Lehends,Support,Nautilus,0,2,11,0,0,0,0,9894,88
1061175,3z,Top,Sion,3,4,3,0,0,0,0,12348,271
1061175,Crash,Jungle,Rek'Sai,0,4,6,0,0,0,0,11521,31
1061175,M1ssion,Middle,Akali,2,4,5,0,0,0,0,14141,337
1061175,Unified,ADC,Syndra,2,2,5,0,0,0,0,15434,343
1061175,Kaiwing,Support,Leona,2,2,4,0,0,0,0,9180,86
1061189,Wunder,Top,Vladimir,5,4,9,1,1,0,0,11204,186
1061189,Jankos,Jungle,Qiyana,2,5,8,0,0,0,0,8660,18
1061189,Caps,Middle,Zoe,6,0,10,1,0,0,0,10094,146
1061189,Perkz,ADC,Xayah,11,3,6,3,2,0,0,14868,202
1061189,Mikyx,Support,Rakan,2,1,21,0,0,0,0,8781,14
1061189,Licorice,Top,Aatrox,5,4,2,0,0,0,0,9884,178
1061189,Blaber,Jungle,Elise,4,6,4,0,0,0,0,8099,14
1061189,Nisqy,Middle,Tristana,1,5,1,0,0,0,0,7009,130
1061189,Sneaky,ADC,Cassiopeia,0,7,4,0,0,0,0,7778,142
1061189,Zeyzal,Support,Nautilus,3,4,5,1,0,0,0,6201,42
1061209,Langx,Top,Gnar,3,1,7,0,0,0,0,15991,293
1061209,Karsa,Jungle,Rek'Sai,3,3,8,0,0,0,0,10981,20
1061209,xiaohu,Middle,Ryze,4,1,8,0,0,0,0,16692,323
1061209,Uzi,ADC,Xayah,5,0,8,1,1,0,0,18043,369
1061209,Ming,Support,Karma,0,2,13,0,0,0,0,8236,14
1061209,Bwipo,Top,Shen,1,4,3,0,0,0,0,12337,276
1061209,Broxah,Jungle,Lee Sin,3,1,2,0,0,0,0,11202,32
1061209,Nemesis,Middle,Kayle,3,2,2,1,0,0,0,16339,328
1061209,Rekkles,ADC,Morgana,0,2,5,0,0,0,0,12639,315
1061209,Hylissang,Support,Blitzcrank,0,6,2,0,0,0,0,7835,30
1061221,Huni,Top,Vladimir,0,6,0,0,0,0,0,7862,185
1061221,Lira,Jungle,Sejuani,1,2,1,0,0,0,0,7207,31
1061221,Damonte,Middle,Qiyana,0,3,1,0,0,0,0,7546,185
1061221,Cody Sun,ADC,Xayah,0,3,2,0,0,0,0,8985,232
1061221,Vulcan,Support,Rakan,1,2,1,0,0,0,0,5214,16
1061221,Khan,Top,Aatrox,7,0,1,2,1,0,0,11960,189
1061221,Clid,Jungle,Lee Sin,1,0,6,0,0,0,0,9926,23
1061221,Faker,Middle,Akali,7,0,1,1,0,0,0,13847,264
1061221,Teddy,ADC,Yasuo,1,0,7,0,0,0,0,11713,256
1061221,Effort,Support,Gragas,0,2,5,0,0,0,0,6402,12
1071398,Vizicsacsi,Top,Sion,0,2,2,0,0,0,0,14402,299
1071398,Xerxe,Jungle,Karthus,1,1,3,0,0,0,0,13577,80
1071398,Humanoid,Middle,Syndra,0,5,3,0,0,0,0,16510,389
1071398,Kobbe,ADC,Tristana,4,1,0,0,0,0,0,20634,451
1071398,Norskeren,Support,Leona,0,7,4,0,0,0,0,9754,91
1071398,Rest,Top,Gangplank,3,1,7,0,0,0,0,19843,335
1071398,Hana,Jungle,Gragas,0,2,11,0,0,0,0,13130,34
1071398,FoFo,Middle,LeBlanc,6,0,6,1,0,0,0,19281,324
1071398,Lilv,ADC,Kai'Sa,5,0,6,1,0,0,0,21935,389
1071398,Koala,Support,Nautilus,2,2,9,0,0,0,0,12080,73
1071409,Licorice,Top,Fiora,3,7,2,0,0,0,0,20029,405
1071409,Blaber,Jungle,Elise,3,6,3,0,0,0,0,14889,64
1071409,Nisqy,Middle,Zoe,0,1,3,0,0,0,0,14698,314
1071409,Sneaky,ADC,Sona,1,3,5,0,0,0,0,18443,252
1071409,Zeyzal,Support,Tahm Kench,1,2,4,0,0,0,0,13028,177
1071409,Sword,Top,Gangplank,2,3,13,0,0,0,0,21132,376
1071409,Tarzan,Jungle,Lee Sin,4,3,10,0,0,0,0,15601,84
1071409,Chovy,Middle,LeBlanc,3,2,9,0,0,0,0,16179,287
1071409,Viper,ADC,Garen,8,0,3,1,0,0,0,18508,366
1071409,Lehends,Support,Yuumi,2,0,14,0,0,0,0,15661,103
1071415,3z,Top,Gangplank,0,3,3,0,0,0,0,11042,233
1071415,Crash,Jungle,Gragas,3,3,4,0,0,0,0,9002,19
1071415,M1ssion,Middle,Orianna,1,2,3,0,0,0,0,10242,226
1071415,Unified,ADC,Xayah,3,3,3,0,0,0,0,12766,239
1071415,Kaiwing,Support,Thresh,3,3,6,0,0,0,0,7926,9
1071415,Wunder,Top,Vladimir,1,0,3,0,0,0,0,12537,273
1071415,Jankos,Jungle,Lee Sin,2,3,7,0,0,0,0,10712,20
1071415,Caps,Middle,Syndra,6,2,4,1,0,0,0,14612,261
1071415,Perkz,ADC,Yasuo,5,0,3,1,0,0,0,14963,297
1071415,Mikyx,Support,Rakan,0,5,9,0,0,0,0,7886,18
1061227,GimGoon,Top,Renekton,3,0,2,0,0,0,0,9858,159
1061227,Tian,Jungle,Qiyana,7,1,6,0,0,0,0,10925,34
1061227,Doinb,Middle,Kayle,5,1,3,0,0,0,0,12077,210
1061227,Lwx,ADC,Vayne,4,0,5,1,0,0,0,11109,216
1061227,Crisp,Support,Nautilus,0,0,9,0,0,0,0,6788,53
1061227,Zeros,Top,Kennen,0,4,1,0,0,0,0,8633,227
1061227,Levi,Jungle,Lee Sin,2,5,0,0,0,0,0,6906,10
1061227,Kiaya,Middle,Jayce,0,2,2,0,0,0,0,7790,206
1061227,Zin,ADC,Kai'Sa,0,2,0,0,0,0,0,6822,170
1061227,Slay,Support,Galio,0,6,0,0,0,0,0,4755,42
1071461,Zeros,Top,Renekton,0,4,5,0,0,0,0,10447,256
1071461,Levi,Jungle,Nocturne,0,5,5,0,0,0,0,9199,19
1071461,Kiaya,Middle,Kled,4,3,2,0,0,0,0,11179,229
1071461,Zin,ADC,Heimerdinger,1,2,2,0,0,0,0,9604,217
1071461,Slay,Support,Shen,1,6,2,0,0,0,0,6372,63
1071461,GimGoon,Top,Gangplank,2,2,11,0,0,0,0,12638,238
1071461,Tian,Jungle,Gragas,5,1,6,0,0,0,0,10914,41
1071461,Doinb,Middle,Malphite,3,1,9,1,0,0,0,12135,233
1071461,Lwx,ADC,Kai'Sa,6,1,7,0,0,0,0,15298,272
1071461,Crisp,Support,Nautilus,4,1,10,1,0,0,0,8724,62
1071479,Rest,Top,Kled,2,4,1,0,0,0,0,8641,173
1071479,Hana,Jungle,Jarvan IV,1,2,4,0,0,0,0,7463,13
1071479,FoFo,Middle,Kayle,1,3,2,0,0,0,0,10407,249
1071479,Lilv,ADC,Xayah,0,1,4,0,0,0,0,10927,249
1071479,Koala,Support,Alistar,1,3,2,0,0,0,0,5461,26
1071479,Vizicsacsi,Top,Gnar,1,1,10,0,0,0,0,12025,220
1071479,Xerxe,Jungle,Gragas,2,0,8,0,0,0,0,9657,33
1071479,Humanoid,Middle,Cassiopeia,7,2,3,1,1,0,0,12908,226
1071479,Kobbe,ADC,Kai'Sa,3,0,5,1,0,0,0,12979,272
1071479,Norskeren,Support,Thresh,0,2,8,0,0,0,0,6953,15
1071486,Zeros,Top,Akali,0,4,4,0,0,0,0,8045,181
1071486,Levi,Jungle,Lee Sin,4,4,4,0,0,0,0,9622,24
1071486,Kiaya,Middle,Ryze,4,3,1,0,0,0,0,11060,232
1071486,Zin,ADC,Tristana,0,2,2,0,0,0,0,8180,206
1071486,Slay,Support,Volibear,1,4,6,0,0,0,0,5630,35
1071486,Rest,Top,Renekton,5,2,4,1,0,0,0,11119,193
1071486,Hana,Jungle,Gragas,0,2,5,0,0,0,0,7859,18
1071486,FoFo,Middle,Azir,7,2,3,1,0,0,0,13691,255
1071486,Lilv,ADC,Kai'Sa,5,0,1,0,0,0,0,13795,262
1071486,Koala,Support,Alistar,0,3,12,0,0,0,0,6901,33
1071491,Vizicsacsi,Top,Cho'gath,7,1,7,2,0,0,0,14847,254
1071491,Xerxe,Jungle,Rek'Sai,8,2,5,3,0,0,0,13119,38
1071491,Humanoid,Middle,Akali,2,1,4,0,0,0,0,14402,300
1071491,Kobbe,ADC,Xayah,3,3,12,0,0,0,0,15537,318
1071491,Norskeren,Support,Rakan,0,2,14,0,0,0,0,8938,20
1071491,GimGoon,Top,Gangplank,0,2,6,0,0,0,0,13055,291
1071491,Tian,Jungle,Lee Sin,1,5,4,0,0,0,0,9953,36
1071491,Doinb,Middle,Galio,0,5,6,0,0,0,0,11137,271
1071491,Lwx,ADC,Kai'Sa,8,5,1,2,0,0,0,16604,297
1071491,Crisp,Support,Nautilus,0,3,9,0,0,0,0,7651,67
1071497,Vizicsacsi,Top,Gangplank,1,5,8,0,0,0,0,13377,241
1071497,Xerxe,Jungle,Qiyana,5,3,9,1,0,0,0,12293,53
1071497,Humanoid,Middle,Ryze,8,2,3,2,0,0,0,18011,347
1071497,Kobbe,ADC,Jinx,5,2,8,1,0,0,0,15736,265
1071497,Norskeren,Support,Thresh,1,1,14,0,0,0,0,8668,17
1071497,Zeros,Top,Fiora,3,4,3,0,0,0,0,15279,293
1071497,Levi,Jungle,Lee Sin,3,4,5,0,0,0,0,11577,36
1071497,Kiaya,Middle,Jayce,3,5,2,0,0,0,0,12554,271
1071497,Zin,ADC,Kai'Sa,4,3,2,0,0,0,0,14794,295
1071497,Slay,Support,Nautilus,0,4,4,0,0,0,0,7541,65
1071502,GimGoon,Top,Renekton,3,1,10,1,0,0,0,10311,206
1071502,Tian,Jungle,Elise,7,1,5,2,0,0,0,11290,32
1071502,Doinb,Middle,Ryze,2,0,6,0,0,0,0,11587,207
1071502,Lwx,ADC,Varus,7,1,10,2,0,0,0,13049,213
1071502,Crisp,Support,Tahm Kench,1,0,17,0,0,0,0,8387,62
1071502,Rest,Top,Ornn,0,3,1,0,0,0,0,7215,194
1071502,Hana,Jungle,Gragas,0,4,3,0,0,0,0,5682,25
1071502,FoFo,Middle,Azir,0,4,3,0,0,0,0,7034,173
1071502,Lilv,ADC,Kai'Sa,2,4,1,0,0,0,0,8514,171
1071502,Koala,Support,Pyke,1,5,1,0,0,0,0,4885,30
1071514,GimGoon,Top,Ryze,1,3,2,0,0,0,0,14748,273
1071514,Tian,Jungle,Gragas,2,3,11,0,0,0,0,12971,41
1071514,Doinb,Middle,Renekton,9,2,5,2,1,0,0,20363,343
1071514,Lwx,ADC,Vayne,2,3,7,0,0,0,0,17455,333
1071514,Crisp,Support,Thresh,2,2,10,0,0,0,0,10316,27
1071514,Vizicsacsi,Top,Gangplank,2,1,7,0,0,0,0,16696,359
1071514,Xerxe,Jungle,Elise,2,4,7,0,0,0,0,10775,42
1071514,Humanoid,Middle,Syndra,3,7,6,0,0,0,0,15247,335
1071514,Kobbe,ADC,Kai'Sa,6,2,3,1,0,0,0,16732,323
1071514,Norskeren,Support,Rakan,0,2,10,0,0,0,0,8099,19
1071536,Wunder,Top,Kayle,0,2,9,0,0,0,0,11841,229
1071536,Jankos,Jungle,Olaf,8,0,4,2,1,0,0,11849,32
1071536,Caps,Middle,Ryze,1,1,5,0,0,0,0,14696,288
1071536,Perkz,ADC,Xayah,5,1,4,1,1,0,0,14183,283
1071536,Mikyx,Support,Rakan,0,1,12,0,0,0,0,7202,10
1071536,3z,Top,Aatrox,0,2,3,0,0,0,0,9347,200
1071536,Crash,Jungle,Lee Sin,3,3,0,0,0,0,0,9786,18
1071536,M1ssion,Middle,Syndra,2,3,1,0,0,0,0,11516,275
1071536,Unified,ADC,Ezreal,0,4,1,0,0,0,0,11588,263
1071536,Kaiwing,Support,Yuumi,0,2,2,0,0,0,0,6818,6
1071527,Sword,Top,Akali,7,0,2,2,0,0,0,11022,209
1071527,Tarzan,Jungle,Elise,2,1,9,0,0,0,0,9581,12
1071527,Chovy,Middle,Camille,4,0,7,1,0,0,0,11205,184
1071527,Viper,ADC,Xayah,7,0,10,2,1,0,0,13959,247
1071527,Lehends,Support,Rakan,1,0,15,0,0,0,0,7454,14
1071527,Licorice,Top,Shen,0,5,1,0,0,0,0,6788,156
1071527,Svenskeren,Jungle,Nocturne,0,4,1,0,0,0,0,6296,20
1071527,Nisqy,Middle,Kayle,0,5,1,0,0,0,0,7217,163
1071527,Sneaky,ADC,Kai'Sa,1,3,0,0,0,0,0,9068,241
1071527,Zeyzal,Support,Galio,0,4,1,0,0,0,0,5088,49
1071547,3z,Top,Gangplank,2,1,1,1,0,0,0,11878,244
1071547,Crash,Jungle,Lee Sin,0,2,1,0,0,0,0,8118,16
1071547,M1ssion,Middle,Syndra,1,3,0,0,0,0,0,10037,219
1071547,Unified,ADC,Xayah,0,2,0,0,0,0,0,10138,247
1071547,Kaiwing,Support,Rakan,0,2,0,0,0,0,0,5528,12
1071547,Sword,Top,Jayce,3,2,3,0,0,0,0,12671,240
1071547,Tarzan,Jungle,Elise,1,1,3,0,0,0,0,9994,34
1071547,Chovy,Middle,Camille,4,0,2,1,0,0,0,14597,299
1071547,Viper,ADC,Garen,0,0,6,0,0,0,0,11575,247
1071547,Lehends,Support,Yuumi,2,0,6,0,0,0,0,10744,77
1071552,Licorice,Top,Kayle,2,8,6,0,0,0,0,10038,191
1071552,Svenskeren,Jungle,Lee Sin,5,4,4,1,0,0,0,9904,26
1071552,Nisqy,Middle,Cassiopeia,4,6,7,1,0,0,0,12100,196
1071552,Sneaky,ADC,Caitlyn,4,3,5,1,0,0,0,13486,284
1071552,Zeyzal,Support,Thresh,0,5,10,0,0,0,0,6925,18
1071552,Wunder,Top,Ryze,6,5,6,1,0,0,0,14799,226
1071552,Jankos,Jungle,Rek'Sai,4,3,8,0,0,0,0,11826,22
1071552,Caps,Middle,Syndra,9,0,8,3,0,0,0,16741,266
1071552,Perkz,ADC,Kai'Sa,6,2,6,1,0,0,0,15625,236
1071552,Mikyx,Support,Blitzcrank,1,5,5,0,0,0,0,8118,10
1071560,3z,Top,Cho'gath,0,2,4,0,0,0,0,9143,179
1071560,Crash,Jungle,Lee Sin,2,3,3,0,0,0,0,8963,22
1071560,M1ssion,Middle,Ryze,2,3,1,0,0,0,0,11053,227
1071560,Unified,ADC,Jinx,3,1,3,0,0,0,0,12483,256
1071560,Kaiwing,Support,Thresh,2,2,6,1,0,0,0,7631,5
1071560,Licorice,Top,Jax,1,0,1,0,0,0,0,10264,204
1071560,Blaber,Jungle,Ekko,3,2,7,0,0,0,0,10670,30
1071560,Nisqy,Middle,Yasuo,2,2,7,0,0,0,0,12359,251
1071560,Deftly,ADC,Kai'Sa,5,0,2,2,0,0,0,11843,223
1071560,Zeyzal,Support,Nautilus,0,5,8,0,0,0,0,6553,47
1071569,Wunder,Top,Kayle,0,2,0,0,0,0,0,8848,219
1071569,Jankos,Jungle,Lee Sin,1,5,1,0,0,0,0,7486,17
1071569,Caps,Middle,Ryze,1,3,0,0,0,0,0,9469,212
1071569,Perkz,ADC,Yasuo,0,5,2,0,0,0,0,8871,233
1071569,Mikyx,Support,Gragas,0,4,1,0,0,0,0,5297,31
1071569,Sword,Top,Jayce,7,0,4,1,0,0,0,11526,193
1071569,Tarzan,Jungle,Qiyana,4,1,8,0,0,0,0,10580,22
1071569,Chovy,Middle,Akali,4,1,3,0,0,0,0,11413,232
1071569,Viper,ADC,Kai'Sa,3,0,4,1,0,0,0,13177,221
1071569,Lehends,Support,Shen,1,0,13,0,0,0,0,8591,61
1071575,Wunder,Top,Jayce,0,4,0,0,0,0,0,9779,213
1071575,Jankos,Jungle,Qiyana,0,6,2,0,0,0,0,7696,16
1071575,Caps,Middle,Cassiopeia,1,4,2,0,0,0,0,9877,225
1071575,Perkz,ADC,Zoe,2,2,0,0,0,0,0,10025,208
1071575,Mikyx,Support,Shen,1,7,0,0,0,0,0,5935,45
1071575,Sword,Top,Ornn,1,0,12,0,0,0,0,9328,167
1071575,Tarzan,Jungle,Lee Sin,9,2,7,0,0,0,0,11510,19
1071575,Chovy,Middle,Galio,3,0,12,0,0,0,0,12648,242
1071575,Viper,ADC,Xayah,9,0,6,3,1,0,0,14853,244
1071575,Lehends,Support,Rakan,1,2,18,0,0,0,0,8093,20
1071615,Langx,Top,Mordekaiser,1,2,1,0,0,0,0,13888,300
1071615,Karsa,Jungle,Jarvan IV,2,2,7,0,0,0,0,10949,29
1071615,xiaohu,Middle,Kayle,2,2,5,0,0,0,0,13432,269
1071615,Uzi,ADC,Ezreal,5,2,2,0,0,0,0,17142,328
1071615,Ming,Support,Galio,0,5,7,0,0,0,0,8273,53
1071615,Khan,Top,Gangplank,4,3,7,1,1,0,0,15095,266
1071615,Clid,Jungle,Lee Sin,1,1,10,0,0,0,0,10684,39
1071615,Faker,Middle,Ryze,1,1,5,0,0,0,0,17115,336
1071615,Teddy,ADC,Kai'Sa,6,0,5,1,0,0,0,17786,335
1071615,Effort,Support,Leona,1,5,4,0,0,0,0,8513,64
1071627,Huni,Top,Gangplank,7,5,12,1,0,0,0,24788,389
1071627,Lira,Jungle,Lee Sin,4,4,7,0,0,0,0,15794,77
1071627,Damonte,Middle,Ryze,4,6,9,0,0,0,0,19996,364
1071627,Cody Sun,ADC,Heimerdinger,4,6,12,0,0,0,0,17271,297
1071627,Vulcan,Support,Pyke,6,4,14,0,0,0,0,18595,71
1071627,Bwipo,Top,Urgot,8,5,10,0,0,0,0,20338,271
1071627,Broxah,Jungle,Elise,5,4,11,1,0,0,0,16687,51
1071627,Nemesis,Middle,Cassiopeia,4,3,11,0,0,0,0,20748,373
1071627,Rekkles,ADC,Xayah,8,3,13,1,0,0,0,24863,425
1071627,Hylissang,Support,Leona,0,10,15,0,0,0,0,14104,103
1071642,Khan,Top,Vladimir,0,4,5,0,0,0,0,8783,191
1071642,Clid,Jungle,Lee Sin,1,5,4,0,0,0,0,7875,10
1071642,Faker,Middle,Akali,3,3,1,0,0,0,0,10517,221
1071642,Teddy,ADC,Kai'Sa,3,3,1,0,0,0,0,11452,245
1071642,Effort,Support,Alistar,0,6,5,0,0,0,0,5867,41
1071642,Bwipo,Top,Gangplank,7,2,11,2,0,0,0,12339,192
1071642,Broxah,Jungle,Gragas,3,0,15,0,0,0,0,9155,20
1071642,Nemesis,Middle,Veigar,5,1,12,0,0,0,0,10987,180
1071642,Rekkles,ADC,Xayah,3,0,11,0,0,0,0,12848,238
1071642,Hylissang,Support,Leona,3,4,12,0,0,0,0,7977,47
1071659,Huni,Top,Qiyana,3,3,2,0,0,0,0,11510,255
1071659,Lira,Jungle,Rek'Sai,1,2,4,0,0,0,0,9179,43
1071659,Damonte,Middle,Kayle,2,1,1,0,0,0,0,12063,271
1071659,Cody Sun,ADC,Kai'Sa,3,5,0,0,0,0,0,11691,231
1071659,Vulcan,Support,Rakan,0,4,4,0,0,0,0,6293,14
1071659,Langx,Top,Aatrox,1,4,6,0,0,0,0,11776,241
1071659,Karsa,Jungle,Jarvan IV,1,3,8,0,0,0,0,10026,15
1071659,xiaohu,Middle,Akali,5,1,2,1,1,0,0,11974,241
1071659,Uzi,ADC,Ezreal,4,1,10,1,0,0,0,16603,303
1071659,Ming,Support,Morgana,4,0,10,1,0,0,0,10062,26
1071668,Khan,Top,Akali,4,0,4,0,0,0,0,14588,305
1071668,Clid,Jungle,Elise,6,0,5,0,0,0,0,13823,35
1071668,Faker,Middle,Camille,3,2,10,0,0,0,0,15094,303
1071668,Teddy,ADC,Xayah,5,0,9,0,0,0,0,17703,341
1071668,Effort,Support,Rakan,0,3,11,0,0,0,0,8762,15
1071668,Huni,Top,Ezreal,3,3,1,0,0,0,0,13858,280
1071668,Lira,Jungle,Skarner,0,2,4,0,0,0,0,9642,38
1071668,Damonte,Middle,Ryze,1,4,2,0,0,0,0,12118,281
1071668,Cody Sun,ADC,Heimerdinger,0,4,4,0,0,0,0,11385,255
1071668,Vulcan,Support,Nautilus,1,5,3,0,0,0,0,8040,75
1071675,Bwipo,Top,Gangplank,1,0,1,0,0,0,0,13087,237
1071675,Broxah,Jungle,Gragas,2,0,6,0,0,0,0,10553,17
1071675,Nemesis,Middle,Cassiopeia,2,0,4,0,0,0,0,13881,246
1071675,Rekkles,ADC,Xayah,5,0,4,1,1,0,0,17608,336
1071675,Hylissang,Support,Pyke,1,3,5,0,0,0,0,8821,64
1071675,Langx,Top,Gnar,0,1,0,0,0,0,0,10535,240
1071675,Karsa,Jungle,Lee Sin,1,3,0,0,0,0,0,8052,27
1071675,xiaohu,Middle,Ryze,0,3,1,0,0,0,0,10861,265
1071675,Uzi,ADC,Ezreal,2,1,1,0,0,0,0,13512,287
1071675,Ming,Support,Lulu,0,3,3,0,0,0,0,6591,20
1071696,Ziv,Top,Gangplank,1,4,2,0,0,0,0,12068,244
1071696,Alex,Jungle,Gragas,2,3,1,0,0,0,0,9662,28
1071696,Rainbow,Middle,Viktor,1,2,2,0,0,0,0,10244,236
1071696,Wako,ADC,Kai'Sa,1,1,2,0,0,0,0,13706,322
1071696,Ysera,Support,Nautilus,0,0,2,0,0,0,0,6735,48
1071696,TheShy,Top,Jayce,1,1,5,0,0,0,0,15578,286
1071696,Ning,Jungle,Olaf,4,2,3,0,0,0,0,11290,20
1071696,RooKie,Middle,Orianna,3,1,5,0,0,0,0,13377,238
1071696,JackeyLove,ADC,Xayah,1,1,3,0,0,0,0,14009,299
1071696,Baolan,Support,Morgana,1,0,3,0,0,0,0,8459,26
1071705,Impact,Top,Sion,0,4,3,0,0,0,0,9493,207
1071705,Xmithie,Jungle,Lee Sin,1,3,1,0,0,0,0,8871,33
1071705,Jensen,Middle,Anivia,1,2,0,0,0,0,0,12808,338
1071705,Doublelift,ADC,Kai'Sa,2,2,2,0,0,0,0,13785,292
1071705,CoreJJ,Support,Nautilus,0,2,2,0,0,0,0,7074,55
1071705,Nuguri,Top,Kayle,1,1,5,0,0,0,0,15031,282
1071705,Canyon,Jungle,Rek'Sai,2,2,4,1,0,0,0,11047,31
1071705,ShowMaker,Middle,Corki,5,0,6,0,0,0,0,15691,309
1071705,Nuclear,ADC,Yasuo,4,1,7,0,0,0,0,15320,278
1071705,BeryL,Support,Gragas,0,0,10,0,0,0,0,8570,20
1071716,Impact,Top,Gangplank,3,0,5,0,0,0,0,13995,285
1071716,Xmithie,Jungle,Gragas,1,2,10,0,0,0,0,10068,25
1071716,Jensen,Middle,LeBlanc,5,0,3,0,0,0,0,12745,240
1071716,Doublelift,ADC,Xayah,2,2,8,0,0,0,0,13711,292
1071716,CoreJJ,Support,Rakan,1,2,10,0,0,0,0,8145,19
1071716,Ziv,Top,Cho'gath,2,1,0,0,0,0,0,9557,228
1071716,Alex,Jungle,Jarvan IV,2,2,3,0,0,0,0,9781,36
1071716,Rainbow,Middle,Lissandra,2,4,3,0,0,0,0,10214,236
1071716,Wako,ADC,Ezreal,0,3,5,0,0,0,0,11340,280
1071716,Ysera,Support,Yuumi,0,2,6,0,0,0,0,6284,6
1071720,Nuguri,Top,Vladimir,2,6,10,0,0,0,0,12316,210
1071720,Canyon,Jungle,Lee Sin,6,4,5,0,0,0,0,11641,20
1071720,ShowMaker,Middle,Akali,6,0,6,1,1,0,0,14510,260
1071720,Nuclear,ADC,Kai'Sa,8,1,5,2,0,0,0,15253,291
1071720,BeryL,Support,Leona,0,2,10,0,0,0,0,8365,73
1071720,TheShy,Top,Jayce,5,5,5,0,0,0,0,14021,248
1071720,Ning,Jungle,Rek'Sai,4,6,3,0,0,0,0,10625,16
1071720,RooKie,Middle,Orianna,2,3,6,1,0,0,0,11658,241
1071720,JackeyLove,ADC,Syndra,0,4,7,0,0,0,0,11669,299
1071720,Baolan,Support,Nautilus,2,4,5,0,0,0,0,8114,70
1071724,Nuguri,Top,Renekton,2,0,3,0,0,0,0,14936,294
1071724,Canyon,Jungle,Taliyah,4,1,9,0,0,0,0,11864,20
1071724,ShowMaker,Middle,Yasuo,3,0,6,0,0,0,0,13257,287
1071724,Nuclear,ADC,Xayah,4,0,5,1,0,0,0,13183,271
1071724,BeryL,Support,Ornn,0,1,8,0,0,0,0,6956,46
1071724,Ziv,Top,Sion,0,4,1,0,0,0,0,8691,223
1071724,Alex,Jungle,Lee Sin,0,3,2,0,0,0,0,7671,12
1071724,Apex,Middle,Zilean,1,1,1,0,0,0,0,10123,259
1071724,Wako,ADC,Kai'Sa,1,2,1,0,0,0,0,10968,278
1071724,Ysera,Support,Nautilus,0,3,1,0,0,0,0,6127,58
1071731,TheShy,Top,Vladimir,5,0,10,1,0,0,0,12196,230
1071731,Ning,Jungle,Gragas,2,0,8,0,0,0,0,8412,21
1071731,RooKie,Middle,Qiyana,4,3,7,0,0,0,0,9376,164
1071731,JackeyLove,ADC,Kai'Sa,7,0,1,0,0,0,0,11426,222
1071731,Baolan,Support,Alistar,0,1,7,0,0,0,0,5283,35
1071731,Impact,Top,Aatrox,0,5,0,0,0,0,0,6513,144
1071731,Xmithie,Jungle,Olaf,1,2,1,0,0,0,0,7806,12
1071731,Jensen,Middle,LeBlanc,2,5,1,0,0,0,0,8282,179
1071731,Doublelift,ADC,Xayah,0,3,1,0,0,0,0,8940,221
1071731,CoreJJ,Support,Nautilus,1,3,0,0,0,0,0,5011,43
1061881,TheShy,Top,Yasuo,3,2,12,0,0,0,0,18830,322
1061881,Ning,Jungle,Gragas,0,5,14,0,0,0,0,13534,37
1061881,RooKie,Middle,Qiyana,6,3,9,1,0,0,0,16338,247
1061881,JackeyLove,ADC,Kog'Maw,12,6,8,3,2,1,0,22353,364
1061881,Baolan,Support,Lulu,1,2,18,0,0,0,0,12037,29
1061881,Sword,Top,Gnar,2,6,9,0,0,0,0,14201,275
1061881,Tarzan,Jungle,Elise,8,4,6,1,0,0,0,16441,45
1061881,Chovy,Middle,Poppy,2,5,8,0,0,0,0,12532,248
1061881,Viper,ADC,Garen,5,4,10,0,0,0,0,17346,341
1061881,Lehends,Support,Yuumi,1,3,14,0,0,0,0,13649,118
1061934,Sword,Top,Jayce,1,5,8,0,0,0,0,11260,200
1061934,Tarzan,Jungle,Jarvan IV,2,5,12,0,0,0,0,10299,14
1061934,Chovy,Middle,Galio,3,2,8,0,0,0,0,11701,238
1061934,Viper,ADC,Xayah,9,4,5,2,0,0,0,17221,300
1061934,Lehends,Support,Rakan,0,2,13,0,0,0,0,8245,10
1061934,TheShy,Top,Kayle,3,4,11,0,0,0,0,15890,246
1061934,Ning,Jungle,Lee Sin,2,2,12,0,0,0,0,12414,23
1061934,RooKie,Middle,LeBlanc,5,2,10,1,1,0,0,14393,235
1061934,JackeyLove,ADC,Kai'Sa,8,3,5,2,2,0,0,18170,320
1061934,Baolan,Support,Nautilus,0,4,7,0,0,0,0,7799,53
1061950,TheShy,Top,Vladimir,1,4,4,0,0,0,0,13086,298
1061950,Ning,Jungle,Lee Sin,2,3,2,0,0,0,0,10472,20
1061950,RooKie,Middle,Qiyana,1,4,4,0,0,0,0,12343,235
1061950,JackeyLove,ADC,Kai'Sa,2,4,0,1,0,0,0,14639,370
1061950,Baolan,Support,Morgana,0,4,1,0,0,0,0,7144,24
1061950,Sword,Top,Kayle,1,5,13,0,0,0,0,12785,220
1061950,Tarzan,Jungle,Elise,6,0,9,1,1,0,0,12997,20
1061950,Chovy,Middle,Sion,3,0,6,0,0,0,0,14718,312
1061950,Viper,ADC,Xayah,8,0,6,1,1,1,1,18881,330
1061950,Lehends,Support,Rakan,1,1,16,0,0,0,0,9725,24
1061960,Sword,Top,Jayce,0,6,1,0,0,0,0,7155,172
1061960,Tarzan,Jungle,Karthus,3,3,1,0,0,0,0,8459,19
1061960,Chovy,Middle,Sion,0,3,1,0,0,0,0,8060,212
1061960,Viper,ADC,Xayah,0,2,4,0,0,0,0,9505,225
1061960,Lehends,Support,Rakan,1,2,3,0,0,0,0,5875,16
1061960,TheShy,Top,Kayle,8,0,6,1,0,0,0,13556,209
1061960,Ning,Jungle,Gragas,1,1,7,0,0,0,0,8840,9
1061960,RooKie,Middle,Aatrox,2,1,8,0,0,0,0,11127,200
1061960,JackeyLove,ADC,Kai'Sa,5,0,5,1,0,0,0,12756,249
1061960,Baolan,Support,Leona,0,2,6,0,0,0,0,5820,42
1061976,GimGoon,Top,Camille,2,4,5,0,0,0,0,8567,152
1061976,Tian,Jungle,Olaf,4,0,8,0,0,0,0,9616,34
1061976,Doinb,Middle,Ryze,5,0,11,1,0,0,0,11840,194
1061976,Lwx,ADC,Xayah,5,3,10,1,0,0,0,12524,212
1061976,Crisp,Support,Rakan,2,3,14,0,0,0,0,8036,16
1061976,Bwipo,Top,Rengar,5,4,0,1,0,0,0,10555,196
1061976,Broxah,Jungle,Elise,1,3,1,0,0,0,0,7615,27
1061976,Nemesis,Middle,Twisted Fate,1,2,4,0,0,0,0,10825,232
1061976,Rekkles,ADC,Garen,1,6,4,0,0,0,0,8672,193
1061976,Hylissang,Support,Yuumi,2,3,7,0,0,0,0,8118,55
1072089,Bwipo,Top,Gangplank,0,2,2,0,0,0,0,9730,204
1072089,Broxah,Jungle,Lee Sin,0,2,3,0,0,0,0,6289,12
1072089,Nemesis,Middle,Twisted Fate,0,4,3,0,0,0,0,9450,204
1072089,Rekkles,ADC,Kai'Sa,3,2,0,0,0,0,0,8600,177
1072089,Hylissang,Support,Alistar,0,8,3,0,0,0,0,4944,37
1072089,GimGoon,Top,Gnar,5,0,7,1,0,0,0,9555,165
1072089,Tian,Jungle,Gragas,1,2,12,0,0,0,0,8410,20
1072089,Doinb,Middle,Kayle,1,1,9,0,0,0,0,10178,190
1072089,Lwx,ADC,Varus,11,0,6,3,0,0,0,13813,214
1072089,Crisp,Support,Tahm Kench,0,0,12,0,0,0,0,7133,56
1072107,GimGoon,Top,Renekton,1,5,1,0,0,0,0,9170,187
1072107,Tian,Jungle,Rek'Sai,5,3,3,1,0,0,0,11288,41
1072107,Doinb,Middle,Ryze,5,3,6,0,0,0,0,12366,218
1072107,Lwx,ADC,Lucian,0,5,5,0,0,0,0,8744,181
1072107,Crisp,Support,Nautilus,0,4,7,0,0,0,0,6256,58
1072107,Bwipo,Top,Ornn,0,3,12,0,0,0,0,8842,149
1072107,Broxah,Jungle,Lee Sin,4,0,10,0,0,0,0,10242,33
1072107,Nemesis,Middle,Veigar,6,2,7,0,0,0,0,12073,198
1072107,Rekkles,ADC,Kai'Sa,8,2,9,1,0,0,0,15121,263
1072107,Hylissang,Support,Alistar,2,4,11,0,0,0,0,7423,43
1072121,GimGoon,Top,Camille,1,4,9,0,0,0,0,12260,186
1072121,Tian,Jungle,Gragas,5,1,13,2,0,0,0,12682,33
1072121,Doinb,Middle,Ryze,9,0,7,3,0,0,0,19588,310
1072121,Lwx,ADC,Varus,5,2,8,0,0,0,0,16022,310
1072121,Crisp,Support,Tahm Kench,1,1,17,0,0,0,0,10906,77
1072121,Bwipo,Top,Kayle,0,8,3,0,0,0,0,11509,231
1072121,Broxah,Jungle,Lee Sin,2,1,4,1,0,0,0,10103,14
1072121,Nemesis,Middle,Cassiopeia,0,5,3,0,0,0,0,12482,310
1072121,Rekkles,ADC,Kai'Sa,2,2,3,0,0,0,0,15223,348
1072121,Hylissang,Support,Pyke,4,5,2,1,0,0,0,10690,72
1072179,Wunder,Top,Jayce,2,3,8,0,0,0,0,14423,265
1072179,Jankos,Jungle,Gragas,1,2,3,0,0,0,0,9809,41
1072179,Caps,Middle,Syndra,4,0,6,1,0,0,0,14965,251
1072179,Perkz,ADC,Xayah,6,1,5,1,0,0,0,17540,319
1072179,Mikyx,Support,Rakan,1,3,9,0,0,0,0,8658,24
1072179,Nuguri,Top,Kayle,0,4,7,0,0,0,0,12896,267
1072179,Canyon,Jungle,Lee Sin,2,4,5,0,0,0,0,9651,32
1072179,ShowMaker,Middle,LeBlanc,1,2,5,0,0,0,0,11191,253
1072179,Nuclear,ADC,Kai'Sa,5,1,3,1,0,0,0,15497,319
1072179,BeryL,Support,Leona,1,3,6,0,0,0,0,8566,83
1072193,Wunder,Top,Jayce,6,3,4,1,0,0,0,18928,357
1072193,Jankos,Jungle,Elise,2,5,5,0,0,0,0,14153,69
1072193,Caps,Middle,Renekton,3,5,4,0,0,0,0,15226,282
1072193,Perkz,ADC,Orianna,1,4,5,0,0,0,0,17679,401
1072193,Mikyx,Support,Alistar,0,6,6,0,0,0,0,10151,90
1072193,Nuguri,Top,Kennen,3,4,13,0,0,0,0,19398,330
1072193,Canyon,Jungle,Lee Sin,3,2,16,0,0,0,0,15461,55
1072193,ShowMaker,Middle,Ryze,6,1,8,0,0,0,0,20016,353
1072193,Nuclear,ADC,Kai'Sa,10,2,8,3,1,0,0,22359,347
1072193,BeryL,Support,Leona,1,3,16,0,0,0,0,13197,117
1072194,Wunder,Top,Yorick,2,2,3,0,0,0,0,12639,250
1072194,Jankos,Jungle,Rek'Sai,4,0,7,0,0,0,0,11628,29
1072194,Caps,Middle,Ryze,2,2,6,0,0,0,0,13790,283
1072194,Perkz,ADC,Kai'Sa,9,2,6,2,0,0,0,16331,296
1072194,Mikyx,Support,Nautilus,1,1,9,0,0,0,0,8909,76
1072194,Nuguri,Top,Jayce,1,4,3,0,0,0,0,12277,268
1072194,Canyon,Jungle,Lee Sin,2,4,2,0,0,0,0,9539,34
1072194,ShowMaker,Middle,Corki,4,2,1,1,0,0,0,13494,281
1072194,Nuclear,ADC,Yasuo,0,4,4,0,0,0,0,10385,218
1072194,BeryL,Support,Gragas,0,4,5,0,0,0,0,6625,21
1072195,Wunder,Top,Ryze,3,2,8,1,0,0,0,14756,259
1072195,Jankos,Jungle,Gragas,9,0,5,0,0,0,0,11959,29
1072195,Caps,Middle,Yasuo,2,2,7,0,0,0,0,14113,246
1072195,Perkz,ADC,Xayah,3,4,3,1,0,0,0,13967,258
1072195,Mikyx,Support,Nautilus,1,5,3,0,0,0,0,7682,55
1072195,Nuguri,Top,Irelia,2,6,5,0,0,0,0,11539,235
1072195,Canyon,Jungle,Taliyah,4,3,5,0,0,0,0,9294,25
1072195,ShowMaker,Middle,Kayle,1,3,6,0,0,0,0,11065,243
1072195,Nuclear,ADC,Kai'Sa,5,2,4,0,0,0,0,13424,250
1072195,BeryL,Support,Ornn,1,4,7,0,0,0,0,7421,68
1062051,Vizicsacsi,Top,Gangplank,2,4,2,0,0,0,0,9761,188
1062051,Xerxe,Jungle,Gragas,0,4,5,0,0,0,0,7490,17
1062051,Humanoid,Middle,LeBlanc,2,3,1,0,0,0,0,10079,215
1062051,Kobbe,ADC,Kai'Sa,4,0,3,0,0,0,0,13652,277
1062051,Norskeren,Support,Blitzcrank,0,3,4,0,0,0,0,6774,16
1062051,Khan,Top,Lucian,8,1,4,0,0,0,0,14414,191
1062051,Clid,Jungle,Elise,0,2,10,0,0,0,0,10315,21
1062051,Faker,Middle,Lissandra,3,2,6,1,0,0,0,12576,240
1062051,Teddy,ADC,Draven,3,2,5,0,0,0,0,12736,238
1062051,Effort,Support,Thresh,0,1,10,0,0,0,0,7846,15
1062060,Khan,Top,Fiora,4,2,7,0,0,0,0,12388,206
1062060,Clid,Jungle,Elise,5,2,5,1,0,0,0,10823,25
1062060,Faker,Middle,Tristana,1,1,9,0,0,0,0,10429,207
1062060,Teddy,ADC,Kai'Sa,7,1,7,1,0,0,0,15150,249
1062060,Effort,Support,Nautilus,1,1,11,0,0,0,0,7677,48
1062060,Vizicsacsi,Top,Poppy,1,5,2,0,0,0,0,9415,206
1062060,Xerxe,Jungle,Olaf,4,3,0,0,0,0,0,8330,27
1062060,Humanoid,Middle,Ryze,1,4,2,0,0,0,0,10932,229
1062060,Kobbe,ADC,Ezreal,1,3,3,0,0,0,0,10470,232
1062060,Norskeren,Support,Pyke,0,3,3,0,0,0,0,6358,47
1062065,Khan,Top,Renekton,2,5,5,0,0,0,0,12511,241
1062065,Clid,Jungle,Skarner,2,4,7,0,0,0,0,10012,40
1062065,Faker,Middle,Azir,2,4,6,0,0,0,0,12039,237
1062065,Teddy,ADC,Draven,6,3,4,1,1,0,0,14845,296
1062065,Mata,Support,Thresh,0,2,9,0,0,0,0,7146,17
1062065,Vizicsacsi,Top,Ornn,5,2,9,0,0,0,0,13220,208
1062065,Xerxe,Jungle,Rek'Sai,7,0,7,2,0,0,0,13134,49
1062065,Humanoid,Middle,Ryze,2,4,11,0,0,0,0,14279,258
1062065,Kobbe,ADC,Kai'Sa,4,2,8,0,0,0,0,15134,289
1062065,Norskeren,Support,Nautilus,0,4,11,0,0,0,0,7898,54
1062070,Khan,Top,Quinn,5,2,5,0,0,0,0,15087,227
1062070,Clid,Jungle,Gragas,3,1,9,0,0,0,0,10608,38
1062070,Faker,Middle,Ryze,3,4,2,0,0,0,0,12035,229
1062070,Teddy,ADC,Varus,6,0,3,1,0,0,0,15249,309
1062070,Effort,Support,Leona,0,3,7,0,0,0,0,8065,62
1062070,Vizicsacsi,Top,Renekton,1,6,2,0,0,0,0,10473,218
1062070,Xerxe,Jungle,Taliyah,1,2,5,0,0,0,0,9141,26
1062070,Humanoid,Middle,Syndra,2,4,2,0,0,0,0,11404,256
1062070,Kobbe,ADC,Kai'Sa,6,2,2,0,0,0,0,13320,257
1062070,Norskeren,Support,Thresh,0,3,6,0,0,0,0,6976,19
1072304,GimGoon,Top,Renekton,0,2,3,0,0,0,0,8662,159
1072304,Tian,Jungle,Qiyana,1,3,8,0,0,0,0,10184,44
1072304,Doinb,Middle,Rumble,10,1,5,1,1,0,0,13116,202
1072304,Lwx,ADC,Ezreal,4,1,5,1,0,0,0,14137,269
1072304,Crisp,Support,Nautilus,2,2,10,1,0,0,0,8060,51
1072304,TheShy,Top,Quinn,0,4,3,0,0,0,0,8345,178
1072304,Ning,Jungle,Gragas,2,7,3,0,0,0,0,8500,22
1072304,RooKie,Middle,Syndra,2,2,5,0,0,0,0,10104,210
1072304,JackeyLove,ADC,Varus,4,1,0,1,0,0,0,12005,276
1072304,Baolan,Support,Alistar,1,3,2,0,0,0,0,5668,39
1072311,TheShy,Top,Vladimir,8,8,9,0,0,0,0,16279,238
1072311,Ning,Jungle,Gragas,1,6,17,0,0,0,0,13069,46
1072311,RooKie,Middle,Lucian,10,5,12,0,0,0,0,21081,318
1072311,JackeyLove,ADC,Varus,9,6,12,1,1,0,0,18619,271
1072311,Baolan,Support,Tahm Kench,0,7,21,0,0,0,0,10730,74
1072311,GimGoon,Top,Mordekaiser,6,5,6,0,0,0,0,15604,251
1072311,Tian,Jungle,Lee Sin,2,5,17,0,0,0,0,13269,45
1072311,Doinb,Middle,Nautilus,7,7,17,1,0,0,0,16595,236
1072311,Lwx,ADC,Kai'Sa,12,6,11,2,0,0,0,20708,311
1072311,Crisp,Support,Blitzcrank,4,5,15,0,0,0,0,11605,13
1072314,GimGoon,Top,Gangplank,3,1,10,0,0,0,0,10164,133
1072314,Tian,Jungle,Qiyana,9,1,7,3,0,0,0,11500,23
1072314,Doinb,Middle,Nautilus,3,3,11,0,0,0,0,9645,153
1072314,Lwx,ADC,Xayah,5,2,5,1,0,0,0,11965,236
1072314,Crisp,Support,Thresh,0,1,15,0,0,0,0,7294,10
1072314,TheShy,Top,Lucian,1,6,4,0,0,0,0,8503,177
1072314,Ning,Jungle,Gragas,0,5,4,0,0,0,0,7421,14
1072314,RooKie,Middle,Jayce,4,2,2,1,1,0,0,11156,202
1072314,JackeyLove,ADC,Ezreal,3,1,4,1,0,0,0,10733,224
1072314,Baolan,Support,Alistar,0,6,4,0,0,0,0,4871,30
1072327,TheShy,Top,Kayle,9,7,6,1,1,1,0,16065,220
1072327,Ning,Jungle,Olaf,4,10,9,0,0,0,0,11483,38
1072327,RooKie,Middle,Galio,2,6,13,0,0,0,0,12135,197
1072327,JackeyLove,ADC,Kai'Sa,6,5,9,1,0,0,0,15669,228
1072327,Baolan,Support,Rakan,0,6,13,0,0,0,0,8557,29
1072327,GimGoon,Top,Gangplank,8,3,15,0,0,0,0,16070,217
1072327,Tian,Jungle,Gragas,7,4,18,1,0,0,0,13134,32
1072327,Doinb,Middle,Nautilus,5,5,14,0,0,0,0,11653,161
1072327,Lwx,ADC,Varus,9,6,13,2,1,0,0,17513,272
1072327,Crisp,Support,Tahm Kench,5,3,22,1,0,0,0,11939,77
1062258,Khan,Top,Renekton,1,3,1,0,0,0,0,13528,270
1062258,Clid,Jungle,Gragas,0,1,4,0,0,0,0,10231,26
1062258,Faker,Middle,Neeko,1,3,4,0,0,0,0,12198,284
1062258,Teddy,ADC,Kai'Sa,3,1,2,0,0,0,0,15670,354
1062258,Effort,Support,Leona,3,2,3,0,0,0,0,9779,87
1062258,Wunder,Top,Kled,0,2,5,0,0,0,0,11322,244
1062258,Jankos,Jungle,Rek'Sai,3,0,4,1,0,0,0,11137,39
1062258,Caps,Middle,Ryze,3,4,5,0,0,0,0,15708,332
1062258,Perkz,ADC,Xayah,3,1,5,1,0,0,0,16849,331
1062258,Mikyx,Support,Rakan,1,1,8,0,0,0,0,8088,27
1062262,Wunder,Top,Ornn,2,3,0,0,0,0,0,12354,261
1062262,Jankos,Jungle,Jarvan IV,0,5,7,0,0,0,0,9449,47
1062262,Caps,Middle,Ryze,1,5,3,0,0,0,0,14563,282
1062262,Perkz,ADC,Ezreal,3,5,3,1,0,0,0,15933,350
1062262,Mikyx,Support,Galio,1,3,6,0,0,0,0,8913,86
1062262,Khan,Top,Renekton,7,0,5,1,0,0,0,16923,284
1062262,Clid,Jungle,Lee Sin,2,1,11,1,0,0,0,13051,62
1062262,Faker,Middle,LeBlanc,6,1,5,0,0,0,0,15569,267
1062262,Teddy,ADC,Yasuo,5,1,8,1,1,0,0,17440,280
1062262,Effort,Support,Gragas,1,4,11,0,0,0,0,10299,25
1062263,Khan,Top,Renekton,5,5,3,1,0,0,0,13571,229
1062263,Clid,Jungle,Rek'Sai,1,3,4,0,0,0,0,9631,40
1062263,Faker,Middle,Ryze,3,2,3,0,0,0,0,14814,297
1062263,Teddy,ADC,Kai'Sa,2,3,4,0,0,0,0,15312,281
1062263,Effort,Support,Leona,1,6,3,0,0,0,0,8081,60
1062263,Wunder,Top,Camille,3,4,11,0,0,0,0,13757,278
1062263,Jankos,Jungle,Elise,2,2,13,0,0,0,0,11188,56
1062263,Caps,Middle,Orianna,3,3,12,0,0,0,0,12402,223
1062263,Perkz,ADC,Xayah,9,0,4,4,1,0,0,18566,303
1062263,Mikyx,Support,Nautilus,2,3,11,0,0,0,0,8721,60
1062265,Wunder,Top,Ornn,4,4,9,0,0,0,0,13284,229
1062265,Jankos,Jungle,Olaf,5,5,6,0,0,0,0,13351,41
1062265,Caps,Middle,Syndra,9,4,9,2,0,0,0,15310,229
1062265,Perkz,ADC,Yasuo,5,6,6,1,1,1,0,16462,310
1062265,Mikyx,Support,Gragas,0,3,14,0,0,0,0,8745,24
1062265,Khan,Top,Vladimir,6,3,7,0,0,0,0,16436,250
1062265,Clid,Jungle,Elise,5,5,11,0,0,0,0,12555,36
1062265,Faker,Middle,Qiyana,4,6,9,0,0,0,0,11930,203
1062265,Teddy,ADC,Varus,4,4,11,0,0,0,0,13928,238
1062265,Mata,Support,Nautilus,3,5,8,0,0,0,0,9245,66
1072511,GimGoon,Top,Gangplank,5,0,12,0,0,0,0,17064,259
1072511,Tian,Jungle,Lee Sin,5,1,11,1,0,0,0,15141,41
1072511,Doinb,Middle,Nautilus,1,3,13,0,0,0,0,14654,238
1072511,Lwx,ADC,Sivir,11,0,5,1,0,0,0,22206,437
1072511,Crisp,Support,Thresh,0,3,17,0,0,0,0,10965,14
1072511,Wunder,Top,Ryze,1,7,2,0,0,0,0,15872,311
1072511,Jankos,Jungle,Elise,0,3,2,0,0,0,0,11583,76
1072511,Caps,Middle,Pyke,3,4,3,0,0,0,0,12984,195
1072511,Perkz,ADC,Varus,3,4,2,0,0,0,0,20210,447
1072511,Mikyx,Support,Tahm Kench,0,4,4,0,0,0,0,9525,87
1072516,Wunder,Top,Akali,1,3,1,0,0,0,0,8525,204
1072516,Jankos,Jungle,Elise,2,3,1,0,0,0,0,7645,12
1072516,Caps,Middle,Tristana,1,4,1,0,0,0,0,8768,199
1072516,Perkz,ADC,Yasuo,0,6,2,0,0,0,0,7625,179
1072516,Mikyx,Support,Gragas,0,4,3,0,0,0,0,5400,19
1072516,GimGoon,Top,Kled,3,0,4,0,0,0,0,9544,177
1072516,Tian,Jungle,Lee Sin,1,2,9,0,0,0,0,8577,37
1072516,Doinb,Middle,Ryze,6,0,11,0,0,0,0,13080,203
1072516,Lwx,ADC,Kai'Sa,8,0,6,2,1,0,0,13469,215
1072516,Crisp,Support,Galio,2,2,11,0,0,0,0,7205,44
1072517,GimGoon,Top,Gangplank,2,1,6,0,0,0,0,10952,183
1072517,Tian,Jungle,Lee Sin,3,4,7,0,0,0,0,10540,22
1072517,Doinb,Middle,Galio,3,1,6,0,0,0,0,11851,209
1072517,Lwx,ADC,Xayah,2,0,3,0,0,0,0,14120,283
1072517,Crisp,Support,Thresh,0,2,5,0,0,0,0,8118,16
1072517,Wunder,Top,Ryze,1,3,4,0,0,0,0,10844,238
1072517,Jankos,Jungle,Jarvan IV,1,2,5,0,0,0,0,8943,26
1072517,Caps,Middle,Veigar,1,2,2,0,0,0,0,10064,231
1072517,Perkz,ADC,Ezreal,4,1,1,0,0,0,0,12672,254
1072517,Mikyx,Support,Nautilus,1,2,2,0,0,0,0,6434,64
